Date,Slope,R-Value,Wind Speed,Relative Humidity
2010-01-01,nan,nan,3.9130434782608696,81.782608695652172
2010-01-02,nan,nan,12.608695652173912,60.826086956521742
2010-01-03,nan,nan,13.909090909090908,56.272727272727273
2010-01-04,nan,nan,10.565217391304348,55.869565217391305
2010-01-05,nan,nan,10.222222222222221,53.444444444444443
2010-01-06,nan,nan,9.615384615384615,55.153846153846153
2010-01-07,nan,nan,8.4285714285714288,59.428571428571431
2010-01-08,nan,nan,10.466666666666667,64.733333333333334
2010-01-09,nan,nan,8.8333333333333339,46.541666666666664
2010-01-11,nan,nan,6.5,47.5
2010-01-12,nan,nan,11.0,51.833333333333336
2010-01-13,nan,nan,6.2000000000000002,51.733333333333334
2010-01-14,nan,nan,3.1904761904761907,53.38095238095238
2010-01-16,nan,nan,6.5909090909090908,54.68181818181818
2010-01-17,nan,nan,nan,94.799999999999997
2010-01-19,nan,nan,5.7142857142857144,69.285714285714292
2010-01-20,nan,nan,7.1428571428571432,54.5
2010-01-21,nan,nan,2.6666666666666665,49.133333333333333
2010-01-22,nan,nan,6.166666666666667,53.333333333333336
2010-01-23,nan,nan,1.3076923076923077,44.615384615384613
2010-01-25,nan,nan,6.5999999999999996,79.0
2010-01-26,nan,nan,9.454545454545455,45.909090909090907
2010-01-28,nan,nan,14.666666666666666,37.333333333333336
2010-01-29,nan,nan,7.7999999999999998,45.0
2010-01-30,nan,nan,8.9130434782608692,43.478260869565219
2010-01-31,nan,nan,6.1818181818181817,39.045454545454547
2010-02-01,1.2205631086775171,0.50704250943264739,8.0416666666666661,42.25
2010-02-02,0.25459528648981983,0.14938753069218594,4.5,54.0
2010-02-03,-1.4432391043004578,-0.57081614963887806,5.541666666666667,76.0
2010-02-04,0.79826699652468336,0.38944341367106833,8.8333333333333339,39.916666666666664
2010-02-05,-0.46913187687491648,-0.34791277808673665,4.708333333333333,48.125
2010-02-06,-1.0489063749396779,-0.51522055650903464,13.916666666666666,49.916666666666664
2010-02-07,-0.52460034444756365,-0.40231345681056879,10.041666666666666,49.083333333333336
2010-02-08,0.15642696130689498,0.096511994922024516,9.6666666666666661,50.625
2010-02-09,nan,nan,nan,56.136363636363633
2010-02-10,nan,nan,11.708333333333334,91.958333333333329
2010-02-11,-0.4488421734438735,-0.49042732693353208,11.708333333333334,57.75
2010-02-12,0.24680618331748674,0.16884358476126043,8.3333333333333339,51.666666666666664
2010-02-13,-0.55435773115610198,-0.48385336630301207,8.7083333333333339,53.958333333333336
2010-02-14,-0.56394496249476767,-0.38305396967602723,9.0416666666666661,55.958333333333336
2010-02-15,0.10995831828645541,0.065529452102328495,7.166666666666667,58.333333333333336
2010-02-16,-0.37697278989931582,-0.23829502689114726,5.708333333333333,89.875
2010-02-17,-0.0031874529427107575,-0.001736721299805776,8.125,67.125
2010-02-18,-0.40871674231596161,-0.38651631299531036,9.7916666666666661,60.458333333333336
2010-02-19,-0.70265417628878046,-0.56607484515318784,11.416666666666666,54.666666666666664
2010-02-20,-0.57457108298727733,-0.43800206035835404,8.1666666666666661,59.625
2010-02-21,0.32054566541096019,0.26934769810120074,9.4583333333333339,45.041666666666664
2010-02-22,-1.2427995135943253,-0.68431783206747931,6.25,57.583333333333336
2010-02-23,-0.38628428868392262,-0.27126918793533583,14.291666666666666,93.25
2010-02-24,-0.58929665305718781,-0.34329804030604544,7.625,90.5
2010-02-25,-0.63945014944933565,-0.22375224948062727,nan,93.708333333333329
2010-02-26,nan,nan,nan,90.75
2010-02-27,-2.0285298770948508,-0.63928140621647067,nan,79.0
2010-02-28,-0.2111887360275152,-0.10607165652767628,3.8333333333333335,73.166666666666671
2010-03-01,0.25559719487001553,0.21926216876694457,9.75,58.541666666666664
2010-03-02,-0.65487256827445783,-0.63005542297421446,5.375,66.333333333333329
2010-03-03,-0.71637920802023303,-0.37591321063662947,10.458333333333334,78.416666666666671
2010-03-04,-0.24567181378162867,-0.22269477093742979,7.875,53.375
2010-03-05,-0.25440205881797961,-0.1699952707843313,7.541666666666667,43.708333333333336
2010-03-06,-0.74715806864658274,-0.47599645009015934,7.083333333333333,26.5
2010-03-07,-1.0636367126557937,-0.37522114849882049,7.125,35.5
2010-03-08,nan,nan,nan,35.363636363636367
2010-03-09,0.59544907207014863,0.18252757523207683,4.458333333333333,35.375
2010-03-10,1.2507023519536631,0.45838048960645217,4.958333333333333,43.666666666666664
2010-03-11,0.085567974215584749,0.052926418363101822,8.9166666666666661,69.958333333333329
2010-03-12,-0.019035554690565587,-0.012416059371058568,nan,83.375
2010-03-13,-0.42577357979685859,-0.45006390036377181,23.166666666666668,94.125
2010-03-14,-0.45173033679407687,-0.21692435076478533,14.625,89.416666666666671
2010-03-15,-0.95944853733783142,-0.37213837518803389,11.5,82.666666666666671
2010-03-16,-0.057729517023401331,-0.014182660121464314,7.583333333333333,31.666666666666668
2010-03-17,1.4492466799205426,0.38912491518825493,2.4583333333333335,31.083333333333332
2010-03-18,1.056315898142864,0.17189007020139591,3.2916666666666665,29.166666666666668
2010-03-19,-1.2486520712561555,-0.32456705978111655,3.375,30.541666666666668
2010-03-20,-1.7238957484721582,-0.53633349827820087,5.0,34.458333333333336
2010-03-21,-1.0903148625260035,-0.41952846113606734,6.5,55.333333333333336
2010-03-22,1.1439360854933591,0.33827273011308945,5.625,91.416666666666671
2010-03-23,-1.6341923641165204,-0.47895795591325391,6.166666666666667,90.416666666666671
2010-03-24,-1.2669680382143895,-0.47342268985435204,11.625,40.833333333333336
2010-03-25,-0.26599668387457626,-0.13638651288098119,4.25,43.625
2010-03-26,-0.27810993944486984,-0.10084585231474195,10.25,55.375
2010-03-27,-0.60738738778741608,-0.43721858094488714,7.75,40.125
2010-03-28,-0.40050322012004125,-0.38915587674414898,8.125,76.166666666666671
2010-03-29,-1.782055948954993,-0.35900646897251792,6.166666666666667,95.916666666666671
2010-03-30,-0.65852350232385526,-0.41634305594915116,10.5,92.041666666666671
2010-03-31,nan,nan,nan,77.80952380952381
2010-04-01,nan,nan,3.8461538461538463,56.846153846153847
2010-04-02,nan,nan,5.3529411764705879,60.176470588235297
2010-04-03,nan,nan,4.958333333333333,76.583333333333329
2010-04-04,nan,nan,2.625,50.916666666666664
2010-04-05,nan,nan,7.6875,44.625
2010-04-06,nan,nan,4.9473684210526319,62.315789473684212
2010-04-07,nan,nan,8.0,25.0
2010-04-08,nan,0.0,5.0,68.0
2010-04-09,nan,nan,nan,62.68181818181818
2010-04-10,nan,nan,9.8333333333333339,35.125
2010-04-11,nan,nan,6.833333333333333,31.958333333333332
2010-04-13,nan,nan,3.3333333333333335,55.333333333333336
2010-04-15,nan,nan,nan,32.636363636363633
2010-04-16,nan,nan,6.9000000000000004,82.799999999999997
2010-04-17,nan,nan,8.6428571428571423,50.785714285714285
2010-04-18,nan,nan,7.1739130434782608,51.565217391304351
2010-04-19,nan,nan,6.384615384615385,39.615384615384613
2010-04-20,nan,nan,6.4000000000000004,48.399999999999999
2010-04-21,nan,nan,9.0,79.888888888888886
2010-04-22,nan,nan,nan,33.416666666666664
2010-04-23,nan,nan,6.9000000000000004,23.699999999999999
2010-04-24,nan,nan,6.0,37.200000000000003
2010-04-25,nan,nan,8.5555555555555554,95.777777777777771
2010-04-26,nan,nan,nan,96.0
2010-04-28,nan,nan,7.0,27.25
2010-04-29,nan,nan,nan,28.199999999999999
2010-04-30,nan,nan,nan,43.625
2010-05-01,nan,nan,1.6666666666666667,62.5
2010-05-02,nan,nan,5.3478260869565215,63.173913043478258
2010-05-03,nan,nan,5.6363636363636367,71.36363636363636
2010-05-04,nan,nan,5.7000000000000002,53.299999999999997
2010-05-05,nan,nan,7.0,47.888888888888886
2010-05-06,nan,nan,8.9166666666666661,31.25
2010-05-07,nan,nan,4.7857142857142856,48.5
2010-05-08,nan,nan,10.166666666666666,58.041666666666664
2010-05-09,nan,nan,9.9166666666666661,45.083333333333336
2010-05-10,nan,nan,7.7777777777777777,28.222222222222221
2010-05-11,nan,nan,2.7777777777777777,58.444444444444443
2010-05-12,nan,nan,6.75,93.849999999999994
2010-05-13,nan,nan,5.384615384615385,44.07692307692308
2010-05-14,nan,nan,6.5652173913043477,71.869565217391298
2010-05-15,nan,nan,7.3684210526315788,41.578947368421055
2010-05-17,nan,nan,3.5454545454545454,28.636363636363637
2010-05-18,nan,nan,12.214285714285714,92.357142857142861
2010-05-19,nan,nan,2.8461538461538463,72.538461538461533
2010-05-20,nan,nan,5.8571428571428568,50.0
2010-05-21,nan,nan,5.0454545454545459,58.454545454545453
2010-05-22,nan,nan,6.5,64.0
2010-05-23,nan,nan,7.0,85.5
2010-05-25,nan,nan,3.5652173913043477,68.739130434782609
2010-05-26,nan,nan,4.6500000000000004,53.600000000000001
2010-05-27,nan,nan,6.083333333333333,72.5
2010-05-28,nan,nan,3.8999999999999999,72.099999999999994
2010-05-29,nan,nan,6.0434782608695654,72.608695652173907
2010-05-30,nan,nan,3.8333333333333335,45.5
2010-05-31,nan,nan,4.1500000000000004,62.100000000000001
2010-06-01,nan,nan,5.1538461538461542,69.461538461538467
2010-06-02,nan,nan,5.1538461538461542,59.0
2010-06-03,nan,nan,5.5,50.799999999999997
2010-06-04,nan,nan,4.625,56.0
2010-06-05,nan,nan,7.4347826086956523,60.826086956521742
2010-06-08,nan,nan,5.1818181818181817,39.727272727272727
2010-06-09,nan,nan,6.5,97.333333333333329
2010-06-10,nan,nan,3.75,84.083333333333329
2010-06-11,nan,nan,5.0,74.6875
2010-06-12,nan,nan,4.5,69.25
2010-06-13,nan,nan,6.6818181818181817,84.681818181818187
2010-06-14,nan,nan,2.7999999999999998,79.099999999999994
2010-06-15,nan,nan,4.0,46.25
2010-06-17,nan,nan,6.9230769230769234,62.230769230769234
2010-06-18,nan,nan,3.375,55.75
2010-06-19,nan,nan,4.833333333333333,70.666666666666671
2010-06-20,nan,nan,3.875,66.333333333333329
2010-06-21,nan,nan,0.75,50.25
2010-06-22,nan,nan,4.25,73.916666666666671
2010-06-23,nan,nan,5.1818181818181817,49.727272727272727
2010-06-24,nan,nan,6.4705882352941178,54.882352941176471
2010-06-25,nan,nan,4.5454545454545459,57.545454545454547
2010-06-26,nan,nan,3.5416666666666665,54.125
2010-06-27,nan,nan,5.75,51.583333333333336
2010-06-28,nan,nan,6.5294117647058822,62.294117647058826
2010-06-29,nan,nan,7.0,42.200000000000003
2010-07-01,nan,nan,7.0625,37.3125
2010-07-02,nan,nan,5.083333333333333,42.958333333333336
2010-07-03,nan,nan,3.1666666666666665,42.75
2010-07-04,nan,nan,4.666666666666667,33.0
2010-07-05,nan,nan,0.75,46.75
2010-07-06,nan,nan,3.8666666666666667,40.266666666666666
2010-07-07,nan,nan,3.0909090909090908,59.272727272727273
2010-07-08,nan,nan,4.6923076923076925,68.307692307692307
2010-07-09,nan,nan,5.666666666666667,72.5
2010-07-10,nan,nan,4.083333333333333,73.875
2010-07-11,nan,nan,4.6923076923076925,55.846153846153847
2010-07-12,nan,nan,4.7142857142857144,53.476190476190474
2010-07-14,nan,nan,4.5384615384615383,87.615384615384613
2010-07-15,nan,nan,5.8260869565217392,75.043478260869563
2010-07-16,nan,nan,5.166666666666667,53.916666666666664
2010-07-17,nan,nan,5.416666666666667,54.208333333333336
2010-07-18,nan,nan,5.4545454545454541,49.636363636363633
2010-07-19,nan,nan,4.384615384615385,62.0
2010-07-20,nan,nan,4.0,52.384615384615387
2010-07-21,nan,nan,5.333333333333333,55.666666666666664
2010-07-22,nan,nan,5.5384615384615383,38.692307692307693
2010-07-23,nan,nan,3.3636363636363638,84.36363636363636
2010-07-24,nan,nan,nan,59.083333333333336
2010-07-25,nan,nan,5.583333333333333,69.916666666666671
2010-07-26,nan,nan,7.9230769230769234,38.07692307692308
2010-07-27,nan,nan,4.7058823529411766,39.0
2010-07-28,nan,nan,7.0909090909090908,58.363636363636367
2010-07-29,nan,nan,5.7777777777777777,42.333333333333336
2010-07-30,nan,nan,5.0909090909090908,46.545454545454547
2010-07-31,nan,nan,4.916666666666667,47.583333333333336
2010-08-01,nan,nan,nan,60.888888888888886
2010-08-02,nan,nan,nan,57.75
2010-08-03,-1.3707202584051736,-0.88448959105629199,7.083333333333333,65.25
2010-08-04,-3.2593836947681303,-0.59081046560575035,5.375,69.958333333333329
2010-08-05,1.6533991516903825,0.50408789309548807,6.666666666666667,63.708333333333336
2010-08-06,nan,nan,nan,49.38095238095238
2010-08-07,nan,nan,nan,50.409090909090907
2010-08-08,-0.21936847350050268,-0.076004634109522878,6.666666666666667,67.583333333333329
2010-08-09,-1.601956777946187,-0.60439429507003017,5.875,61.708333333333336
2010-08-10,-1.7298977768058412,-0.36313777845823014,3.2916666666666665,56.125
2010-08-11,nan,nan,nan,64.368421052631575
2010-08-12,nan,nan,5.916666666666667,81.041666666666671
2010-08-13,nan,nan,7.333333333333333,62.375
2010-08-14,nan,nan,nan,55.869565217391305
2010-08-15,nan,nan,nan,77.61904761904762
2010-08-16,-2.8469164779266491,-0.61610200226651635,4.166666666666667,86.166666666666671
2010-08-17,nan,nan,nan,66.772727272727266
2010-08-18,-0.67967214927158226,-0.19321915927741617,4.291666666666667,57.0
2010-08-19,-0.054365084263075236,-0.024061632464164377,2.7916666666666665,56.208333333333336
2010-08-20,nan,nan,nan,51.695652173913047
2010-08-21,nan,nan,nan,61.80952380952381
2010-08-22,1.6171905455589977,0.3126186734530495,6.416666666666667,91.833333333333329
2010-08-23,-0.34843420737778941,-0.25220453652019537,8.2916666666666661,85.375
2010-08-24,-0.60504283744191967,-0.53853537301085941,10.708333333333334,76.541666666666671
2010-08-25,-1.0451764236873671,-0.54800922914655947,3.875,91.083333333333329
2010-08-26,nan,nan,nan,65.304347826086953
2010-08-27,0.060229418896418412,0.044232582538875416,4.5,54.916666666666664
2010-08-28,-1.4651314725361473,-0.51734120587153687,4.375,53.958333333333336
2010-08-29,0.47477412904433397,0.1246188261176876,4.25,50.0
2010-08-30,0.33424449720273913,0.15510854376868866,4.5,49.625
2010-08-31,nan,nan,nan,51.739130434782609
2010-09-01,-0.48041139173415337,-0.17723495996030647,2.875,52.0
2010-09-02,0.70402941341638681,0.32912186080063882,6.625,55.208333333333336
2010-09-03,1.2586732545759474,0.67497191884459373,6.375,66.25
2010-09-04,nan,nan,nan,49.166666666666664
2010-09-05,-0.81841565667889415,-0.41528583473971248,5.875,44.333333333333336
2010-09-06,-0.42350568111606246,-0.21344625790543367,4.125,51.25
2010-09-07,-0.79191257552792105,-0.52796193333503216,6.375,63.291666666666664
2010-09-08,nan,nan,nan,60.777777777777779
2010-09-09,-0.30647797301477442,-0.33592217173287497,7.541666666666667,56.833333333333336
2010-09-10,-0.04810220603612772,-0.073018314944175627,6.25,56.75
2010-09-11,nan,nan,nan,56.608695652173914
2010-09-12,-0.41469454401929134,-0.38973768509669648,6.416666666666667,79.208333333333329
2010-09-13,-0.42881197497840434,-0.30553008376872393,3.5416666666666665,80.666666666666671
2010-09-14,nan,nan,nan,66.545454545454547
2010-09-15,nan,nan,6.458333333333333,50.375
2010-09-16,-0.94633368451304922,-0.52433096425998893,5.5,73.875
2010-09-17,nan,nan,5.0,76.791666666666671
2010-09-18,nan,nan,nan,72.130434782608702
2010-09-19,nan,nan,nan,66.61904761904762
2010-09-20,nan,nan,7.708333333333333,52.708333333333336
2010-09-21,nan,nan,5.0,55.041666666666664
2010-09-22,-2.0322191312074964,-0.55646126250421024,5.916666666666667,70.291666666666671
2010-09-23,1.5776504439600025,0.63163141910131149,4.791666666666667,73.458333333333329
2010-09-24,nan,nan,3.4166666666666665,76.041666666666671
2010-09-25,1.3585115608039449,0.51447665318068458,6.958333333333333,48.916666666666664
2010-09-26,-0.68273802025250974,-0.32412456502409759,8.625,59.416666666666664
2010-09-27,-1.158870233533061,-0.68501833701130432,nan,93.875
2010-09-28,-0.9611566613960596,-0.58639528988560785,nan,91.916666666666671
2010-09-29,nan,nan,4.291666666666667,66.333333333333329
2010-09-30,-0.35239557192202808,-0.19087218869217573,nan,90.625
2010-10-01,nan,nan,nan,91.944444444444443
2010-10-02,nan,nan,nan,52.235294117647058
2010-10-03,-0.40537910947994049,-0.26183628317160418,11.25,62.041666666666664
2010-10-04,-1.0863794296696798,-0.64315468072116078,9.8333333333333339,84.375
2010-10-05,-1.404146148447313,-0.77038234137747286,7.625,89.083333333333329
2010-10-06,-0.55190657823781619,-0.29476280748319889,5.708333333333333,70.125
2010-10-07,-0.8371892634093544,-0.40073538939522163,7.625,60.25
2010-10-08,-0.93274411214708852,-0.35517383689842807,6.375,47.083333333333336
2010-10-09,1.249585156855076,0.5216580637483732,5.5,40.041666666666664
2010-10-10,-0.7631567311280103,-0.25283236209396914,4.125,42.708333333333336
2010-10-11,-0.27667927636096434,-0.084402219147484678,2.5416666666666665,66.083333333333329
2010-10-12,0.68385829606457982,0.41481380574592941,4.25,72.25
2010-10-13,-0.57966323745141368,-0.23456244825911007,4.458333333333333,55.833333333333336
2010-10-14,0.5282877518455763,0.18122459903890292,3.5,77.958333333333329
2010-10-15,-0.68854101374938959,-0.43157322219582056,11.416666666666666,67.083333333333329
2010-10-16,-0.69883959515080163,-0.50399533251014605,10.5,52.916666666666664
2010-10-17,-1.2517454909734933,-0.42706946898385612,5.25,47.166666666666664
2010-10-18,0.67711112740056578,0.45020382712321838,5.75,54.666666666666664
2010-10-19,-0.38479677418728159,-0.17641756719056415,2.7083333333333335,70.833333333333329
2010-10-20,-0.053554121383830984,-0.02078947154659231,3.75,64.0
2010-10-21,nan,nan,nan,62.0
2010-10-22,-0.83140394736649181,-0.3894245777686387,7.541666666666667,46.375
2010-10-23,-1.7948973904104104,-0.53372295961265326,5.125,46.958333333333336
2010-10-24,-0.6139042131421808,-0.32299788407317737,3.2916666666666665,71.291666666666671
2010-10-25,0.58821020397003343,0.31228970192530253,4.333333333333333,80.833333333333329
2010-10-26,-0.82657871098334257,-0.50082861491630803,6.416666666666667,81.583333333333329
2010-10-27,-0.29615051694684019,-0.2448411908054659,4.958333333333333,88.666666666666671
2010-10-28,1.4382980347233965,0.52558313124119627,6.958333333333333,55.916666666666664
2010-10-29,-0.2051530919134183,-0.17544481121877487,9.4583333333333339,48.375
2010-10-30,-0.97611843199354043,-0.75460335405209178,7.25,50.25
2010-10-31,0.29360253159525318,0.27283911989551085,8.4583333333333339,50.916666666666664
2010-11-01,0.64281549632785295,0.33342463939661177,5.875,50.291666666666664
2010-11-02,0.56636513114579912,0.19888524893193268,3.1666666666666665,52.041666666666664
2010-11-03,1.276164148229527,0.49184770586762011,3.9166666666666665,61.583333333333336
2010-11-04,-0.6421109170946151,-0.41672413424835203,7.0,90.708333333333329
2010-11-05,-2.0917644867415364,-0.6590709062222988,5.375,79.208333333333329
2010-11-06,-0.12366022746140885,-0.082165882248374719,5.291666666666667,60.875
2010-11-07,-0.44588302279838193,-0.23214162842192948,6.833333333333333,54.208333333333336
2010-11-08,-1.0404667831426864,-0.74771059283746177,10.291666666666666,60.958333333333336
2010-11-09,0.07721711292818613,0.094902372176113386,8.5,67.166666666666671
2010-11-10,-0.36109649525986592,-0.26870799774651949,7.458333333333333,56.208333333333336
2010-11-11,-0.27482716776449062,-0.16060118156025791,6.833333333333333,41.833333333333336
2010-11-12,-0.78865447823170398,-0.44486187433466673,5.75,26.0
2010-11-13,-3.9347912728604975,-0.6416163922658743,3.2083333333333335,38.125
2010-11-14,0.40353500061376368,0.13626649200410312,3.7083333333333335,65.708333333333329
2010-11-15,-1.7731955355537703,-0.68933718495781804,5.458333333333333,80.5
2010-11-16,0.21572961782041611,0.15764128161140153,6.666666666666667,87.208333333333329
2010-11-17,-1.0637966653485051,-0.41629811177902165,10.375,62.416666666666664
2010-11-18,-0.46983930202387841,-0.17799401761560699,7.208333333333333,55.041666666666664
2010-11-19,nan,nan,nan,53.136363636363633
2010-11-20,-1.237482483723034,-0.31644522273673625,7.75,54.208333333333336
2010-11-21,-0.32460696847867393,-0.19059808064780259,6.208333333333333,52.416666666666664
2010-11-22,-1.1993344613262644,-0.30089958106267617,6.166666666666667,70.25
2010-11-23,0.054958563547081021,0.038747033364683589,7.083333333333333,68.666666666666671
2010-11-24,0.54268570245803061,0.30567761463262338,9.5,36.208333333333336
2010-11-25,-0.11787043542384047,-0.047813029955638936,3.8333333333333335,59.166666666666664
2010-11-26,-0.71821386766773576,-0.30078288480206389,7.333333333333333,69.666666666666671
2010-11-27,-0.79595877455053277,-0.52926677588951399,9.6666666666666661,47.083333333333336
2010-11-28,-0.34661100315271892,-0.13210568540293735,4.541666666666667,47.0
2010-11-29,-0.6470872702755035,-0.16906309560321686,2.6666666666666665,59.291666666666664
2010-11-30,0.61007814838444308,0.40230946528224576,6.875,79.958333333333329
2010-12-01,-0.0039669569521892942,-0.0029115027447893732,11.458333333333334,85.041666666666671
2010-12-02,0.40490998446539916,0.39740050607708793,7.25,52.916666666666664
2010-12-03,-0.4742459794419952,-0.33736995780128864,6.125,55.083333333333336
2010-12-04,-0.62557617697470225,-0.35554895922381236,8.4166666666666661,55.583333333333336
2010-12-05,-0.59646949231485802,-0.41851374011101922,9.6666666666666661,51.0
2010-12-06,-0.21110299001339083,-0.19947731646681285,10.625,53.541666666666664
2010-12-07,-0.0030371908923462949,-0.0023744295757610855,10.041666666666666,50.208333333333336
2010-12-08,-0.50051720986665327,-0.27959689699206397,9.5416666666666661,38.958333333333336
2010-12-09,-0.06038449746851892,-0.049029301335543514,7.916666666666667,42.333333333333336
2010-12-10,nan,nan,nan,56.652173913043477
2010-12-11,-0.71838279817582018,-0.25548460768598358,4.25,60.375
2010-12-12,-2.1801590886047948,-0.66667975449079553,7.333333333333333,91.208333333333329
2010-12-13,-0.65288789781742917,-0.45524219988668585,8.75,74.375
2010-12-14,-0.34251497534271569,-0.25453317381308987,11.208333333333334,53.25
2010-12-15,-0.64775789962212071,-0.38276492731075457,10.0,46.166666666666664
2010-12-16,-1.2509307789653685,-0.55308734467370124,6.291666666666667,53.166666666666664
2010-12-17,0.58365801022551145,0.25512768370130778,6.791666666666667,53.875
2010-12-18,-0.3726961069276335,-0.26185057518282473,3.6666666666666665,54.708333333333336
2010-12-19,-1.2554275577312615,-0.40272897734486118,4.958333333333333,59.208333333333336
2010-12-20,0.41847186505687978,0.28532734057753739,8.75,56.583333333333336
2010-12-21,-0.17066802311829704,-0.1370660423963932,9.375,55.333333333333336
2010-12-22,nan,nan,nan,63.478260869565219
2010-12-23,nan,nan,nan,55.68181818181818
2010-12-24,nan,nan,nan,53.391304347826086
2010-12-25,-0.25815864042015851,-0.17002140388561446,4.0,59.041666666666664
2010-12-26,0.22359816043039052,0.13540188347979235,10.208333333333334,77.708333333333329
2010-12-27,nan,nan,17.041666666666668,60.583333333333336
2010-12-28,nan,nan,9.25,52.083333333333336
2010-12-29,-1.1465207183730328,-0.47871298742269669,7.791666666666667,61.333333333333336
2010-12-30,-0.67117452824398616,-0.19435524032935092,4.0,63.0
2010-12-31,-0.61918094780801569,-0.3441679163043857,6.291666666666667,56.875
2011-01-01,-1.046673412748572,-0.31593195705912686,2.9166666666666665,66.25
2011-01-02,2.107336466815962,0.57137099449064077,4.625,75.083333333333329
2011-01-03,0.026944489985186774,0.014634007769858461,8.7083333333333339,44.083333333333336
2011-01-04,0.84270483826652354,0.37308463824065868,6.25,46.458333333333336
2011-01-05,1.0598714544508769,0.46032584248456776,6.291666666666667,49.333333333333336
2011-01-06,-0.90141410966103608,-0.53188186403881099,2.625,53.5
2011-01-07,-0.70255882468992958,-0.24740386703041992,4.958333333333333,75.333333333333329
2011-01-08,0.0723962645268246,0.038393876677656424,4.041666666666667,72.875
2011-01-09,-0.43817109917217539,-0.40982383374833553,10.958333333333334,53.541666666666664
2011-01-10,-0.18792013175326061,-0.133761074506073,8.625,53.791666666666664
2011-01-11,-0.11180745607495522,-0.046295474645983548,5.75,70.333333333333329
2011-01-12,0.23389223075522947,0.099020427133987982,11.541666666666666,68.916666666666671
2011-01-13,-0.027877557418556544,-0.019511046387514799,10.541666666666666,54.708333333333336
2011-01-14,-0.58049323716462697,-0.287077951137306,5.791666666666667,56.916666666666664
2011-01-15,-0.13866526659666301,-0.073497162461706345,4.791666666666667,57.416666666666664
2011-01-16,-1.0626092336988662,-0.36148809531756776,8.0416666666666661,45.625
2011-01-17,-0.74572781212208472,-0.50137037022923636,6.791666666666667,49.291666666666664
2011-01-18,-0.76815232529439259,-0.23384221857320867,9.5833333333333339,90.333333333333329
2011-01-19,-0.52255196647940261,-0.16324864318801535,5.458333333333333,81.375
2011-01-20,0.38169365092870211,0.30733488025421563,6.708333333333333,54.833333333333336
2011-01-21,-0.0096210598145841843,-0.003507191383571185,8.7916666666666661,63.875
2011-01-22,-1.0973402444921672,-0.53276730088134172,5.708333333333333,48.833333333333336
2011-01-23,0.55436208281012833,0.43987890254873568,9.4166666666666661,46.625
2011-01-24,-1.6797052815966864,-0.55761161456723163,5.916666666666667,46.875
2011-01-25,nan,nan,nan,66.869565217391298
2011-01-26,1.1334189661717848,0.35221715059362174,9.625,85.208333333333329
2011-01-27,0.2146822057310919,0.044920921120432646,3.2083333333333335,73.0
2011-01-28,-0.84867209534120758,-0.36908453172738132,3.9583333333333335,72.541666666666671
2011-01-29,-0.022411993884577035,-0.0088959880330504084,4.458333333333333,72.125
2011-01-30,0.22687755047660385,0.060937742758004461,5.583333333333333,64.166666666666671
2011-01-31,-0.53372374942349166,-0.25190101371085361,5.75,49.416666666666664
2011-02-01,-1.6290181144582838,-0.6136946703656363,8.6666666666666661,88.166666666666671
2011-02-02,-5.6506820648460616,-0.43674939486956887,nan,85.166666666666671
2011-02-03,0.46499042135647656,0.41195773838644756,8.875,47.958333333333336
2011-02-04,-0.45819573364651311,-0.14940846997688684,6.083333333333333,51.0
2011-02-05,0.65656817412954183,0.21795146128476342,5.75,81.75
2011-02-06,0.34952071818441444,0.14930102764521463,7.0,56.375
2011-02-07,1.1689070816459826,0.41071995594209904,4.625,65.625
2011-02-08,1.3150514515327494,0.7933424020811829,12.583333333333334,62.75
2011-02-09,0.35517943135441887,0.30285800706591709,8.0,45.041666666666664
2011-02-10,nan,nan,7.833333333333333,38.875
2011-02-11,-0.18764425582686256,-0.092374773505892432,6.083333333333333,36.958333333333336
2011-02-12,0.084476804562912816,0.051651445005272884,8.5416666666666661,48.291666666666664
2011-02-13,-0.97448544396184045,-0.4214294663832982,7.75,43.333333333333336
2011-02-14,-2.7376048455659059,-0.66737497323832973,13.083333333333334,43.166666666666664
2011-02-15,0.26219951628740085,0.16353206435018092,11.583333333333334,33.0
2011-02-16,-0.34380548807518202,-0.09480191941000457,4.541666666666667,32.208333333333336
2011-02-17,-1.5965274919730619,-0.43455230017083035,4.208333333333333,43.708333333333336
2011-02-18,1.1577519025125136,0.22625226336743612,7.125,54.875
2011-02-19,-0.037922595430978139,-0.023490943437511066,15.916666666666666,34.708333333333336
2011-02-20,-0.33823788755503481,-0.29423265106611546,8.75,38.75
2011-02-21,-0.95314743378275479,-0.22990078753415844,7.958333333333333,71.25
2011-02-22,-0.89169914550530038,-0.35028939888996852,7.375,43.583333333333336
2011-02-23,-0.1823165107689339,-0.062221741391664406,3.4166666666666665,36.458333333333336
2011-02-24,2.2734363115013947,0.7155959256969755,3.9166666666666665,51.833333333333336
2011-02-25,-2.9541445566664599,-0.61088682172432751,nan,81.125
2011-02-26,0.10324622350247609,0.095240253195521624,nan,49.625
2011-02-27,0.25915728778836394,0.12148451518920686,7.0,58.5
2011-02-28,-2.0349789082404048,-0.5534623054104828,9.5416666666666661,78.416666666666671
2011-03-01,0.96088128023199049,0.47951124103399906,6.625,35.0
2011-03-02,-0.33288193715774722,-0.16698146683711848,10.833333333333334,41.083333333333336
2011-03-03,0.12620030771483651,0.10799328519426972,5.625,32.666666666666664
2011-03-04,0.80613032190885503,0.42957014434751423,7.666666666666667,50.916666666666664
2011-03-05,-0.32571941537261823,-0.31892424232540512,9.0416666666666661,73.708333333333329
2011-03-06,0.15672055478686339,0.12364441561638943,8.4583333333333339,89.708333333333329
2011-03-07,-0.91877527800939851,-0.35275823848065846,10.083333333333334,62.625
2011-03-08,0.032775970779254766,0.014297166290966251,4.666666666666667,42.958333333333336
2011-03-09,0.54467520110573564,0.36142199271461606,10.666666666666666,68.791666666666671
2011-03-10,0.44034889228936047,0.16956998009652993,10.625,87.75
2011-03-11,-1.730609833117895,-0.55097103355067345,8.1666666666666661,72.5
2011-03-12,-1.1560328790898915,-0.52759928441114712,8.25,51.041666666666664
2011-03-13,nan,nan,9.3333333333333339,47.958333333333336
2011-03-14,0.72153531724687325,0.34175740973011287,5.333333333333333,54.041666666666664
2011-03-15,0.32562344496911155,0.10159363438670077,5.5,65.541666666666671
2011-03-16,-0.35407435893754141,-0.11667584160161484,2.8333333333333335,75.5
2011-03-17,-0.31728621861576378,-0.077425212346804301,5.583333333333333,49.625
2011-03-18,nan,nan,nan,43.526315789473685
2011-03-19,-1.024461089857559,-0.47318121854972428,8.8333333333333339,42.958333333333336
2011-03-20,nan,nan,6.416666666666667,43.916666666666664
2011-03-21,-0.65958616206582987,-0.16618095097133984,4.958333333333333,86.75
2011-03-22,0.096188161576766532,0.060308215588039588,8.7083333333333339,57.708333333333336
2011-03-23,-0.19795615197857799,-0.074084260392521348,7.208333333333333,90.208333333333329
2011-03-24,-0.2217435149997305,-0.12618755658666986,7.041666666666667,62.625
2011-03-25,-0.28920628398601306,-0.19452470142023182,6.916666666666667,41.791666666666664
2011-03-26,-0.55333059933212259,-0.40129762026175414,8.7916666666666661,38.208333333333336
2011-03-27,-0.61869205096891067,-0.33812668523817835,8.625,34.916666666666664
2011-03-28,-0.19227367303788154,-0.071666755227353468,9.2916666666666661,32.416666666666664
2011-03-29,0.31955710665435061,0.16206245199595501,7.958333333333333,37.916666666666664
2011-03-30,-0.34271961080162439,-0.19990995999765518,4.458333333333333,46.458333333333336
2011-03-31,-0.21251348202063181,-0.089818743938044385,10.208333333333334,78.916666666666671
2011-04-01,-0.60346863050531663,-0.32155053808645967,7.666666666666667,80.458333333333329
2011-04-02,-1.3898303883897396,-0.52242910977458346,10.041666666666666,42.791666666666664
2011-04-03,-0.58059647723039243,-0.24296085081262955,7.875,34.625
2011-04-04,-1.6073298588117539,-0.34580764145952625,6.833333333333333,68.541666666666671
2011-04-05,2.8767534750271793,0.72979311946891012,10.416666666666666,65.458333333333329
2011-04-06,-0.87474658076998257,-0.29087692603878906,6.583333333333333,55.0
2011-04-07,-0.41708317073783857,-0.16698900280520265,6.416666666666667,71.708333333333329
2011-04-08,0.95657605893496922,0.41718936349976105,4.625,66.416666666666671
2011-04-09,1.13529917682005,0.40830172515491792,5.125,53.333333333333336
2011-04-10,1.0377048274613412,0.45796812691895517,4.083333333333333,55.791666666666664
2011-04-11,-1.7428569328364243,-0.31160711810117464,7.458333333333333,70.416666666666671
2011-04-12,nan,nan,10.458333333333334,69.166666666666671
2011-04-13,-0.57165262141265283,-0.17050537060945387,11.5,92.0
2011-04-14,-0.71558510200151437,-0.18814566555730231,5.708333333333333,52.291666666666664
2011-04-15,-0.38701126562258931,-0.22650717774704876,9.4583333333333339,53.291666666666664
2011-04-16,0.05397634581070318,0.043663114984567993,11.041666666666666,83.541666666666671
2011-04-17,-1.3429032080718561,-0.31647791247920265,9.4166666666666661,55.5
2011-04-18,-0.0061782922492190327,-0.0014363419190839184,6.916666666666667,49.0
2011-04-19,0.95635621640869306,0.32876755645302896,6.041666666666667,74.625
2011-04-20,-3.7375307220307357,-0.54769791404197299,6.833333333333333,77.666666666666671
2011-04-21,nan,nan,nan,43.470588235294116
2011-04-22,nan,nan,nan,49.826086956521742
2011-04-23,-4.1817741210253674,-0.67006400657152665,5.416666666666667,92.125
2011-04-24,-3.6785765774798622,-0.584492924791155,3.5416666666666665,79.625
2011-04-25,0.66904010752424026,0.31508098785280153,5.166666666666667,85.708333333333329
2011-04-26,1.2077962139361282,0.39093389838654696,6.125,78.041666666666671
2011-04-27,-0.22499895098397696,-0.16157550038183921,6.625,82.666666666666671
2011-04-28,nan,nan,nan,85.304347826086953
2011-04-29,nan,nan,6.416666666666667,46.375
2011-04-30,-1.3410022752890376,-0.43971333004442631,4.875,48.083333333333336
2011-05-01,-1.5779556779368329,-0.65526948502283056,5.416666666666667,52.791666666666664
2011-05-02,-0.57014639880401041,-0.22556268902376814,5.166666666666667,68.25
2011-05-03,-1.8747306186953892,-0.63839968967673622,6.791666666666667,74.333333333333329
2011-05-04,1.3126660569478901,0.66077033292981824,6.125,82.833333333333329
2011-05-05,nan,nan,nan,51.25
2011-05-06,-1.951012323274403,-0.44012691982394569,5.875,42.25
2011-05-07,nan,nan,nan,50.043478260869563
2011-05-08,nan,nan,5.041666666666667,49.75
2011-05-09,1.1103291100440322,0.28836459825587152,7.041666666666667,43.25
2011-05-10,-1.4285940240208206,-0.41481064499633785,5.666666666666667,49.625
2011-05-11,nan,nan,5.666666666666667,63.375
2011-05-12,nan,nan,nan,67.0
2011-05-13,-1.4376319965342452,-0.46031048548286241,3.0833333333333335,70.416666666666671
2011-05-14,-0.83942392794459286,-0.41015463915679756,5.375,78.583333333333329
2011-05-15,-1.1868618590276632,-0.21075301386365652,4.25,94.333333333333329
2011-05-16,nan,nan,nan,97.684210526315795
2011-05-17,-2.9164101019458184,-0.76904580019032043,12.75,96.0
2011-05-18,-0.73017344260199413,-0.19209998868622402,7.333333333333333,95.916666666666671
2011-05-19,0.50561551671897309,0.12541153609694128,4.166666666666667,87.208333333333329
2011-05-20,-0.97958132767940576,-0.27650616204445816,1.0416666666666667,91.125
2011-05-21,-2.0251796511253963,-0.41098532166766871,3.1666666666666665,81.708333333333329
2011-05-22,-2.4129045767750372,-0.55444450536259504,4.958333333333333,91.333333333333329
2011-05-23,-1.1315927213813584,-0.21879244006080598,5.25,92.666666666666671
2011-05-24,nan,nan,5.458333333333333,71.083333333333329
2011-05-25,nan,nan,3.5416666666666665,59.208333333333336
2011-05-26,-1.4735786416739218,-0.38133496538985889,4.708333333333333,81.916666666666671
2011-05-27,-0.42704210392534248,-0.078724945524666912,5.25,74.541666666666671
2011-05-28,nan,nan,5.416666666666667,75.375
2011-05-29,-1.0046924589033437,-0.24542903023255092,5.291666666666667,77.291666666666671
2011-05-30,nan,nan,4.541666666666667,71.75
2011-05-31,nan,nan,4.708333333333333,65.583333333333329
2011-06-01,nan,nan,nan,69.478260869565219
2011-06-02,nan,nan,nan,35.772727272727273
2011-06-03,nan,nan,nan,34.909090909090907
2011-06-04,nan,nan,4.791666666666667,48.458333333333336
2011-06-05,nan,nan,3.9583333333333335,70.625
2011-06-06,-0.85427472568965723,-0.15577469028515478,4.041666666666667,62.583333333333336
2011-06-07,-0.77209957562227594,-0.10730123365953777,5.291666666666667,56.375
2011-06-08,2.8441163059779759,0.44414297183385787,4.041666666666667,55.583333333333336
2011-06-09,0.085232816260363178,0.01320221958163432,3.6666666666666665,67.541666666666671
2011-06-10,-1.7562956196624921,-0.31875040002346994,4.666666666666667,69.458333333333329
2011-06-11,nan,nan,9.8333333333333339,95.541666666666671
2011-06-12,nan,nan,5.333333333333333,84.833333333333329
2011-06-13,nan,nan,nan,70.578947368421055
2011-06-14,nan,nan,4.791666666666667,75.791666666666671
2011-06-15,-1.8371956840117667,-0.32855102236417993,4.875,56.0
2011-06-16,nan,nan,nan,60.956521739130437
2011-06-17,-0.65016488136103812,-0.10971604826013111,2.5,91.958333333333329
2011-06-18,-2.7798692170821129,-0.4854304380482351,1.7916666666666667,70.333333333333329
2011-06-19,nan,nan,4.0,55.416666666666664
2011-06-20,nan,nan,3.4583333333333335,59.416666666666664
2011-06-21,nan,nan,nan,70.421052631578945
2011-06-22,-2.9503299585703946,-0.51696723047565396,3.3333333333333335,80.75
2011-06-23,nan,nan,6.083333333333333,96.666666666666671
2011-06-24,-1.4702595612629736,-0.37747455886394243,5.583333333333333,94.333333333333329
2011-06-25,nan,nan,nan,78.0
2011-06-26,nan,nan,4.291666666666667,63.666666666666664
2011-06-27,nan,nan,nan,68.0
2011-06-28,0.038306644341343149,0.0067919169876612716,2.5416666666666665,73.75
2011-06-29,nan,nan,nan,64.478260869565219
2011-06-30,nan,nan,nan,53.0
2011-07-01,nan,nan,nan,51.695652173913047
2011-07-02,nan,nan,nan,59.260869565217391
2011-07-03,nan,nan,nan,89.217391304347828
2011-07-04,nan,nan,nan,69.761904761904759
2011-07-05,nan,nan,nan,45.333333333333336
2011-07-06,nan,nan,nan,64.590909090909093
2011-07-07,nan,nan,nan,66.761904761904759
2011-07-08,nan,nan,nan,80.217391304347828
2011-07-09,nan,nan,nan,63.636363636363633
2011-07-10,nan,nan,nan,55.869565217391305
2011-07-11,-1.713009592666962,-0.45316126540008461,5.25,64.958333333333329
2011-07-12,nan,nan,nan,56.549999999999997
2011-07-13,nan,nan,nan,53.68181818181818
2011-07-14,nan,nan,7.083333333333333,58.208333333333336
2011-07-15,nan,nan,4.375,54.75
2011-07-16,nan,nan,4.708333333333333,51.083333333333336
2011-07-17,nan,nan,nan,55.304347826086953
2011-07-18,nan,nan,5.25,65.958333333333329
2011-07-19,nan,nan,4.125,66.0
2011-07-20,0.67870374103491093,0.09616050343254226,3.5,71.541666666666671
2011-07-21,-2.5736630524361734,-0.3717126395723756,5.958333333333333,71.625
2011-07-22,nan,nan,4.5,52.625
2011-07-23,nan,nan,nan,54.0
2011-07-24,-0.79459951366792103,-0.18580430911954923,3.5416666666666665,66.875
2011-07-25,nan,nan,5.25,78.875
2011-07-26,nan,nan,nan,73.5
2011-07-27,nan,nan,nan,58.18181818181818
2011-07-28,nan,nan,nan,62.043478260869563
2011-07-29,-2.9251788152184983,-0.2420105227295398,3.2916666666666665,85.75
2011-07-30,nan,nan,nan,56.789473684210527
2011-07-31,nan,nan,nan,54.0
2011-08-01,nan,nan,3.0416666666666665,67.25
2011-08-02,nan,nan,nan,48.636363636363633
2011-08-03,nan,nan,3.5416666666666665,66.833333333333329
2011-08-04,nan,nan,nan,97.0
2011-08-05,nan,nan,nan,78.0
2011-08-06,nan,nan,nan,84.571428571428569
2011-08-07,nan,nan,nan,84.15384615384616
2011-08-08,nan,nan,nan,67.900000000000006
2011-08-09,nan,nan,nan,81.555555555555557
2011-08-10,nan,nan,nan,66.214285714285708
2011-08-11,nan,nan,nan,51.083333333333336
2011-08-12,nan,nan,nan,50.0
2011-08-13,nan,nan,nan,50.25
2011-08-14,nan,nan,nan,99.066666666666663
2011-08-15,nan,nan,nan,93.666666666666671
2011-08-16,nan,nan,nan,79.799999999999997
2011-08-17,nan,nan,nan,65.222222222222229
2011-08-18,nan,nan,nan,77.84615384615384
2011-08-19,nan,nan,nan,77.782608695652172
2011-08-20,-0.48487185492143142,-0.34088314071704118,2.0833333333333335,75.208333333333329
2011-08-21,0.2948083770430886,0.13017026319774289,4.875,85.291666666666671
2011-08-22,0.49005494962411644,0.6036801635758221,6.875,60.375
2011-08-23,nan,nan,nan,55.94736842105263
2011-08-24,0.12502616883401418,0.14511572463170672,7.333333333333333,65.416666666666671
2011-08-25,-0.39827003787738613,-0.35911016889970221,6.166666666666667,87.125
2011-08-26,0.43388398166747688,0.31134273351157027,1.75,81.291666666666671
2011-08-27,nan,nan,nan,95.700000000000003
2011-08-28,nan,nan,nan,76.5625
2011-08-29,nan,nan,4.083333333333333,58.916666666666664
2011-08-30,-0.11971464015646814,-0.10689767269907942,3.2916666666666665,61.166666666666664
2011-08-31,0.6344825887973099,0.37113649304172991,2.25,58.375
2011-09-01,nan,nan,3.5,65.166666666666671
2011-09-02,-0.73018767472476465,-0.61541208516385237,3.625,69.958333333333329
2011-09-03,-2.3800736957197803,-0.64776592935091726,4.541666666666667,70.75
2011-09-04,-0.70514550739801241,-0.44335439065158588,5.166666666666667,76.333333333333329
2011-09-05,-0.05888209414975825,-0.044643367568952874,5.166666666666667,80.041666666666671
2011-09-06,-0.37001510447461078,-0.52790351028865345,8.3333333333333339,96.5
2011-09-07,-0.65891723910494548,-0.76011897485790614,10.416666666666666,98.5
2011-09-08,nan,nan,nan,91.950000000000003
2011-09-09,-1.1302896707544086,-0.77483526044851148,4.5,74.083333333333329
2011-09-10,-0.25941669371595077,-0.32551562903537723,3.75,72.208333333333329
2011-09-11,-0.38840983300354875,-0.41027297447816552,4.458333333333333,82.916666666666671
2011-09-12,-1.169377837385754,-0.52991009362318398,1.75,75.916666666666671
2011-09-13,0.42264172783260961,0.35808923284478439,4.791666666666667,67.875
2011-09-14,-0.38133954920327162,-0.35815118194955858,4.875,72.958333333333329
2011-09-15,1.4615267391655735,0.5373072185489477,3.8333333333333335,75.625
2011-09-16,nan,nan,5.291666666666667,53.083333333333336
2011-09-17,-0.48706978110850979,-0.63682572919569358,5.375,60.625
2011-09-18,-0.49980824252481876,-0.51908529958856497,7.458333333333333,64.625
2011-09-19,-0.093763026277990325,-0.13966006183127613,4.791666666666667,69.791666666666671
2011-09-20,-0.86580794896443514,-0.42093732279404661,4.25,86.041666666666671
2011-09-21,1.6598670443936516,0.66143027877171079,2.2916666666666665,88.5
2011-09-22,nan,nan,1.5833333333333333,90.875
2011-09-23,2.5492354837542983,0.8025545817475811,4.166666666666667,96.666666666666671
2011-09-24,-0.58990803240089063,-0.53052457409462284,2.7083333333333335,88.75
2011-09-25,-0.58813157781942715,-0.35486503774012995,0.83333333333333337,82.291666666666671
2011-09-26,0.478071769083876,0.30471472044985082,0.91666666666666663,84.166666666666671
2011-09-27,0.4062059919164574,0.1518634558591091,3.4583333333333335,89.333333333333329
2011-09-28,-0.4674922425792753,-0.26823941971943099,6.25,91.791666666666671
2011-09-29,-0.98948947864761116,-0.44290421202008667,4.291666666666667,91.291666666666671
2011-09-30,-0.0646940589677822,-0.08632895479864168,3.875,73.458333333333329
2011-10-01,-0.059384414132698779,-0.050420349032421978,4.916666666666667,90.458333333333329
2011-10-02,0.13709516049016568,0.09365677767338014,4.791666666666667,81.791666666666671
2011-10-03,-0.21808273377378776,-0.22705651479753777,2.75,80.708333333333329
2011-10-04,-0.19601205336796035,-0.22738687955002831,4.416666666666667,77.625
2011-10-05,-0.69060534747982394,-0.46582189420400177,7.375,54.75
2011-10-06,-0.16587775794728571,-0.069517233396831482,2.75,48.916666666666664
2011-10-07,-0.45964854129928379,-0.23305313906106911,1.8333333333333333,53.458333333333336
2011-10-08,-0.82978228476917648,-0.41339172005000963,2.7083333333333335,56.291666666666664
2011-10-09,nan,nan,2.6666666666666665,55.291666666666664
2011-10-10,-2.0734299387749648,-0.6919874152711839,1.5833333333333333,54.833333333333336
2011-10-11,1.2773417813727865,0.65693891240093982,6.416666666666667,59.541666666666664
2011-10-12,-0.2607316700267025,-0.47844519975460592,9.8333333333333339,80.416666666666671
2011-10-13,-1.1368801323942903,-0.62337382313157086,7.333333333333333,97.916666666666671
2011-10-14,-0.68347090882070027,-0.64111462900503291,5.958333333333333,91.041666666666671
2011-10-15,-0.95031853576505476,-0.56092794412869795,7.666666666666667,55.166666666666664
2011-10-16,-0.49078828148595594,-0.31710811876122391,7.875,48.125
2011-10-17,0.33611516667159097,0.25762366329901032,7.75,51.083333333333336
2011-10-18,0.74760227402313018,0.36736827404525035,3.5833333333333335,52.791666666666664
2011-10-19,0.83216397247300022,0.62616665308901576,11.083333333333334,95.666666666666671
2011-10-20,-0.02458601511280693,-0.022922319755148482,8.375,75.208333333333329
2011-10-21,-0.73612865159786911,-0.67646238920731838,6.75,62.958333333333336
2011-10-22,nan,nan,4.083333333333333,66.958333333333329
2011-10-23,nan,nan,2.0,63.958333333333336
2011-10-24,0.27760671889427913,0.228827692435185,3.625,73.0
2011-10-25,1.3557155627273267,0.65008222201814636,6.458333333333333,53.333333333333336
2011-10-26,-0.86905339412116611,-0.37927302932560619,2.875,66.375
2011-10-27,2.032201895718051,0.74273959206763696,6.708333333333333,92.083333333333329
2011-10-28,0.17898440309326685,0.20540422312345652,5.291666666666667,59.791666666666664
2011-10-29,-0.82460388770791793,-0.52529700595105067,8.125,87.041666666666671
2011-10-30,0.11760995074876475,0.057271899579300421,5.875,69.916666666666671
2011-10-31,1.8134931317482028,0.45354951948394079,2.0416666666666665,70.5
2011-11-01,-0.12803221233362211,-0.040418481317897374,6.041666666666667,61.5
2011-11-02,-0.44673185667826903,-0.24816931866019698,1.9583333333333333,66.541666666666671
2011-11-03,0.29767821935409922,0.18228369676061035,6.041666666666667,67.458333333333329
2011-11-04,1.9207754009589784,0.81779751545820811,8.1666666666666661,55.416666666666664
2011-11-05,-0.025325194232324509,-0.01957353576070597,4.875,51.833333333333336
2011-11-06,0.0066565320109743149,0.0042913380565077061,4.083333333333333,61.541666666666664
2011-11-07,-0.79635406944792064,-0.45069025381235261,4.583333333333333,67.625
2011-11-08,0.85433268712102328,0.46177133805065229,2.2083333333333335,61.75
2011-11-09,1.6861855913185446,0.39093218082979231,3.375,81.166666666666671
2011-11-10,-0.16124146456547769,-0.085343367324895225,4.208333333333333,82.75
2011-11-11,-0.24373543506312273,-0.19506489953405906,8.1666666666666661,57.416666666666664
2011-11-12,-0.42765137158459543,-0.18157346530100993,7.375,49.375
2011-11-13,-1.0368559156175208,-0.48603445433308823,5.666666666666667,50.416666666666664
2011-11-14,-0.18871819257018499,-0.086808271726893857,6.833333333333333,57.916666666666664
2011-11-15,0.38739114326591706,0.3256680638246171,5.166666666666667,67.833333333333329
2011-11-16,0.25532429557038294,0.21877103537451947,3.1666666666666665,90.916666666666671
2011-11-17,-0.1206648243872158,-0.12457834037427948,6.291666666666667,62.5
2011-11-18,0.067481039121752712,0.069444311097601227,6.833333333333333,46.75
2011-11-19,-0.47686758913238791,-0.45235081803252636,6.666666666666667,53.625
2011-11-20,-0.062273328428633375,-0.027680880512210994,8.5416666666666661,67.833333333333329
2011-11-21,1.0630403798161896,0.34098038425468552,4.75,63.375
2011-11-22,0.84732178906149302,0.34536067865621539,7.375,90.375
2011-11-23,-2.4146743327634357,-0.71137136163747716,7.666666666666667,89.333333333333329
2011-11-24,0.21492876684300369,0.12431915301146106,5.25,62.958333333333336
2011-11-25,0.085029437994474391,0.08818371886274827,5.791666666666667,52.958333333333336
2011-11-26,-0.4470778768473036,-0.13520716428804694,3.0416666666666665,38.875
2011-11-27,0.1111712069626898,0.027760558022090945,4.833333333333333,68.041666666666671
2011-11-28,-0.74084512203740938,-0.56181507516399865,5.708333333333333,68.791666666666671
2011-11-29,0.30546119204471411,0.42523951725105552,7.458333333333333,89.541666666666671
2011-11-30,-0.28653676658620819,-0.3476731667802534,8.7083333333333339,65.166666666666671
2011-12-01,-0.1412122534496672,-0.15427815689025909,7.5,47.041666666666664
2011-12-02,-0.7253827533072712,-0.40557614570142048,5.375,52.791666666666664
2011-12-03,-0.031882694844235539,-0.038676226013264224,4.416666666666667,60.75
2011-12-04,0.72753063347978963,0.58414263102451969,3.8333333333333335,73.083333333333329
2011-12-05,-1.9002082817595394,-0.45349234359507073,3.125,88.291666666666671
2011-12-06,nan,nan,nan,90.705882352941174
2011-12-07,-1.3871927908104336,-0.609479348405218,4.583333333333333,95.416666666666671
2011-12-08,-0.0075153055347196409,-0.0052545598531979565,9.4583333333333339,60.416666666666664
2011-12-09,0.50656489487611633,0.40919444379560094,5.166666666666667,62.625
2011-12-10,0.4437719544842838,0.52618402938112996,6.291666666666667,51.875
2011-12-11,0.47558850296047678,0.42143686105696182,3.9166666666666665,46.458333333333336
2011-12-12,-0.67852792616879964,-0.36614894810708376,4.041666666666667,43.375
2011-12-13,0.52428464060316615,0.29637104840969813,4.375,49.0
2011-12-14,-0.1802030632389551,-0.068894525411784965,nan,64.375
2011-12-15,-0.8270565874398369,-0.48878433436784074,7.75,67.791666666666671
2011-12-16,0.65157837704247978,0.64566654292950409,7.958333333333333,48.541666666666664
2011-12-17,nan,nan,nan,51.555555555555557
2011-12-18,0.29804647565585002,0.26267795635777319,4.5,46.083333333333336
2011-12-19,0.46301248198595429,0.25678186034650247,7.583333333333333,53.375
2011-12-20,0.88226943585033502,0.68253332248901732,4.75,61.625
2011-12-21,-0.77876421802746276,-0.49418024726086562,6.833333333333333,85.791666666666671
2011-12-22,1.0151506601667006,0.30707254168668102,5.375,62.125
2011-12-23,-0.36935129183046639,-0.14133027622048508,7.0,74.083333333333329
2011-12-24,0.13903993569616727,0.098549199022674505,5.25,53.791666666666664
2011-12-25,0.51890043115041884,0.37148292457509319,5.875,56.833333333333336
2011-12-26,0.64986616569772704,0.43980844868284202,9.0833333333333339,55.0
2011-12-27,0.38450081550620824,0.28631648093890871,8.3333333333333339,74.291666666666671
2011-12-28,-0.8691150781437228,-0.45052824328371205,11.625,57.916666666666664
2011-12-29,nan,nan,nan,46.769230769230766
2011-12-30,0.16801326134966846,0.11203927392229085,3.2916666666666665,64.458333333333329
2011-12-31,0.51804624358704066,0.32743738994642707,5.375,71.291666666666671
2012-01-01,-0.11372486433062809,-0.09789312446448048,6.0,74.708333333333329
2012-01-02,-0.57980282469424183,-0.33591245683268267,10.208333333333334,47.958333333333336
2012-01-03,-0.33802703414333674,-0.46861270960084739,10.541666666666666,48.791666666666664
2012-01-04,-0.21617049185215018,-0.15057142974415466,7.708333333333333,48.666666666666664
2012-01-05,-0.17286067153412996,-0.12314000478716766,6.25,52.083333333333336
2012-01-06,nan,nan,6.875,50.708333333333336
2012-01-07,0.70932869897857387,0.36248929471160118,6.958333333333333,44.166666666666664
2012-01-08,0.14133905517349268,0.112715115377505,7.708333333333333,47.583333333333336
2012-01-09,-0.1759779931094238,-0.07818355988464884,3.625,52.5
2012-01-10,-0.96432647066955013,-0.552595087845833,7.333333333333333,55.916666666666664
2012-01-11,1.8483952069220018,0.49096938213977093,5.666666666666667,60.333333333333336
2012-01-12,-1.8672633265291183,-0.51579956199435295,9.0416666666666661,94.5
2012-01-13,-0.64875277259898378,-0.55080541167511388,11.125,70.666666666666671
2012-01-14,0.05305990944173028,0.059273143245110224,8.5416666666666661,54.541666666666664
2012-01-15,nan,nan,nan,36.3125
2012-01-16,0.9544954945744536,0.2813384136777165,4.833333333333333,53.583333333333336
2012-01-17,nan,nan,nan,nan
2012-01-18,nan,nan,nan,42.333333333333336
2012-01-19,0.45275378159901142,0.21973208828967924,6.541666666666667,55.25
2012-01-20,0.33121824484001561,0.35468939982058861,7.166666666666667,45.458333333333336
2012-01-21,nan,nan,nan,77.538461538461533
2012-01-22,nan,nan,nan,74.095238095238102
2012-01-23,-2.7721361323604312,-0.58777633048108024,7.75,91.833333333333329
2012-01-24,0.75062099022494166,0.31033876933695986,8.125,70.0
2012-01-25,nan,nan,nan,55.785714285714285
2012-01-26,0.20252724104945888,0.10730417259865409,4.166666666666667,80.416666666666671
2012-01-27,0.12644950643326922,0.096410333474691134,8.0,82.125
2012-01-28,nan,nan,nan,53.0
2012-01-29,nan,nan,nan,nan
2012-01-30,nan,nan,nan,nan
2012-01-31,nan,nan,nan,39.142857142857146
2012-02-01,nan,nan,8.0416666666666661,51.5
2012-02-02,nan,nan,nan,57.133333333333333
2012-02-03,nan,nan,nan,45.782608695652172
2012-02-04,0.080726847351186154,0.082761388730522273,5.125,47.375
2012-02-05,nan,nan,nan,45.416666666666664
2012-02-06,nan,nan,nan,48.434782608695649
2012-02-07,0.32927581746337869,0.22114293309474714,6.375,50.833333333333336
2012-02-08,nan,nan,nan,60.9375
2012-02-09,-0.3607069049683243,-0.20723958023237504,6.708333333333333,56.0
2012-02-10,-0.11919533554142968,-0.073798212554712195,6.083333333333333,52.708333333333336
2012-02-11,-0.091616516434030834,-0.069767506967631496,5.458333333333333,74.0
2012-02-12,nan,nan,nan,47.5
2012-02-13,nan,nan,nan,44.909090909090907
2012-02-14,-0.2291828050705198,-0.19313427548458703,4.25,45.75
2012-02-15,nan,nan,nan,73.333333333333329
2012-02-16,0.52242159512566066,0.3928874071973536,4.708333333333333,79.708333333333329
2012-02-17,nan,nan,nan,61.217391304347828
2012-02-18,-0.67529042667267347,-0.41898566589241004,6.416666666666667,50.708333333333336
2012-02-19,-0.17825125955068169,-0.15635607387362596,6.916666666666667,51.458333333333336
2012-02-20,nan,nan,nan,nan
2012-02-21,nan,nan,nan,61.399999999999999
2012-02-22,0.18543793177949797,0.085790044577139249,6.416666666666667,58.625
2012-02-23,0.8721977367907342,0.45087115038636283,8.0833333333333339,50.125
2012-02-24,-1.1038956326802658,-0.62762543940845794,8.3333333333333339,86.625
2012-02-25,nan,nan,nan,45.739130434782609
2012-02-26,-0.079411618718032317,-0.058251555091907027,nan,37.875
2012-02-27,nan,nan,nan,51.0
2012-02-28,0.037654497253671738,0.046412279315891973,5.5,40.666666666666664
2012-02-29,0.022143847107454737,0.012624659729961994,3.875,76.291666666666671
2012-03-01,-1.6561763069390643,-0.62128041769932363,1.5833333333333333,90.25
2012-03-02,0.61256208102822107,0.4638845720228616,7.875,79.125
2012-03-03,0.099083931930904909,0.033870960731541618,4.041666666666667,68.333333333333329
2012-03-04,-0.52019302388865518,-0.33332440193823776,6.833333333333333,44.208333333333336
2012-03-05,0.080111675341630939,0.059193534469532745,8.5416666666666661,38.0
2012-03-06,0.09381639422061272,0.15549608584504257,7.083333333333333,42.208333333333336
2012-03-07,nan,nan,8.2916666666666661,51.208333333333336
2012-03-08,-0.42152476963313629,-0.4339438771126341,nan,60.666666666666664
2012-03-09,-0.27131817038351863,-0.22567572385149468,nan,48.833333333333336
2012-03-10,-0.33623211663000613,-0.43911716920474769,nan,35.208333333333336
2012-03-11,nan,nan,nan,37.666666666666664
2012-03-12,0.19149518283919739,0.098393201610223371,4.333333333333333,43.791666666666664
2012-03-13,-0.58506889075102064,-0.32144901965690736,nan,65.333333333333329
2012-03-14,nan,nan,nan,31.869565217391305
2012-03-15,0.0089992732715692379,0.0064413201853580062,nan,81.25
2012-03-16,-0.54566552309454375,-0.13020623864894024,3.4583333333333335,89.083333333333329
2012-03-17,2.5082999106329522,0.86326337772114625,nan,78.208333333333329
2012-03-18,0.93108466887034202,0.5837474392486014,nan,79.625
2012-03-19,0.67893013822875659,0.24657942785592751,nan,65.916666666666671
2012-03-20,1.0497984375792178,0.31918656239136556,nan,81.041666666666671
2012-03-21,-0.18136946314078378,-0.11080328524816736,3.9583333333333335,88.5
2012-03-22,nan,nan,nan,79.565217391304344
2012-03-23,0.8449050368767439,0.57975632015072587,4.541666666666667,57.666666666666664
2012-03-24,-0.15435035645156742,-0.11517099303457266,7.583333333333333,38.125
2012-03-25,0.052348747014931543,0.026052494026568233,6.833333333333333,74.0
2012-03-26,0.77714061409150215,0.47789407995241212,7.875,42.25
2012-03-27,0.27031558077766216,0.28595568005646399,nan,19.458333333333332
2012-03-28,-0.56564947563689816,-0.25754887371973773,6.208333333333333,46.916666666666664
2012-03-29,-0.188634082066029,-0.19924506980489429,nan,51.0
2012-03-30,-0.088716896649056298,-0.10978107500917161,nan,45.25
2012-03-31,-1.134704173760988,-0.65923705767180163,7.458333333333333,87.708333333333329
2012-04-01,-0.25307467018571,-0.20415075553247264,2.375,76.083333333333329
2012-04-02,-0.1124026461081076,-0.12284333475509947,nan,49.875
2012-04-03,0.29601665202491467,0.19113121534884892,nan,25.416666666666668
2012-04-04,-0.11848406577749994,-0.1159365220874165,nan,24.875
2012-04-05,0.029284030243906814,0.026131225941144049,nan,41.333333333333336
2012-04-06,0.35323027239799348,0.19838829357597565,nan,37.25
2012-04-07,0.28174857464424652,0.26994141577553038,nan,27.916666666666668
2012-04-08,-0.96554775283893091,-0.40545960158358485,nan,26.625
2012-04-09,-0.18999320282405124,-0.14850917247585466,nan,27.541666666666668
2012-04-10,0.20359837927767682,0.1132758822425067,5.541666666666667,43.5
2012-04-11,0.23725639837481688,0.18633026755127938,nan,52.75
2012-04-12,0.15132718909130258,0.092647664620745251,nan,49.5
2012-04-13,-0.41928056778995348,-0.13857701512523846,3.375,37.916666666666664
2012-04-14,-0.69788007017494269,-0.40371709561890928,nan,32.458333333333336
2012-04-15,-0.62343535175755616,-0.27142437457534452,nan,54.75
2012-04-16,0.25535096025673526,0.21867050097072099,nan,53.041666666666664
2012-04-17,1.0387106709804763,0.71503519218250755,nan,34.208333333333336
2012-04-18,nan,nan,nan,48.208333333333336
2012-04-19,0.26314860560465503,0.29463149596670551,nan,66.5
2012-04-20,0.69524719627683818,0.56080240319800478,nan,63.708333333333336
2012-04-21,0.10218386614702142,0.14138921529142112,nan,81.166666666666671
2012-04-22,0.10666642579372621,0.12186947236006747,9.0416666666666661,90.25
2012-04-23,-0.50015642330991705,-0.39870157251741234,nan,85.583333333333329
2012-04-24,-0.27698600990288635,-0.22067826377921088,nan,51.333333333333336
2012-04-25,0.57266404127401549,0.50087028732407823,2.5,46.625
2012-04-26,0.24065676806081521,0.19381622020922382,nan,82.0
2012-04-27,-0.083305910508871886,-0.097971043450728559,nan,52.583333333333336
2012-04-28,-0.27990671501212633,-0.25943675706314845,nan,42.083333333333336
2012-04-29,-0.577370964016653,-0.51865758845110788,nan,30.541666666666668
2012-04-30,nan,nan,nan,42.782608695652172
2012-05-01,-0.97727586889946294,-0.47304094429118598,5.0,83.708333333333329
2012-05-02,-0.86018767169799659,-0.59841320878874515,5.416666666666667,90.625
2012-05-03,-1.3496092011130403,-0.57706879110227649,2.6666666666666665,93.291666666666671
2012-05-04,nan,nan,nan,88.043478260869563
2012-05-05,-1.4366583471711603,-0.61210309485740411,3.25,88.5
2012-05-06,-0.51971231157998887,-0.35912124411555946,nan,71.625
2012-05-07,0.55003733363218166,0.4916212484024064,3.5,62.458333333333336
2012-05-08,-0.56938349691701662,-0.29821600967325196,nan,79.791666666666671
2012-05-09,-0.81306043101649283,-0.35728843692624651,nan,93.583333333333329
2012-05-10,nan,nan,nan,64.125
2012-05-11,-0.17556713336778257,-0.12583790779088053,6.125,39.416666666666664
2012-05-12,0.056901738138550213,0.012722310687119175,nan,37.875
2012-05-13,-0.99896109300971647,-0.4520137132991171,4.5,48.958333333333336
2012-05-14,0.1482367908564694,0.11975447380565825,nan,76.208333333333329
2012-05-15,-0.14569948186528497,-0.073818577416201986,nan,93.708333333333329
2012-05-16,0.23278845773184884,0.092724718131438594,2.5416666666666665,82.0
2012-05-17,-0.24757710155497623,-0.14836959712949077,nan,47.583333333333336
2012-05-18,0.52737475305327164,0.31081585376336279,nan,49.333333333333336
2012-05-19,-0.26858213973006506,-0.26644592847678289,3.0416666666666665,48.291666666666664
2012-05-20,-0.47905164915585746,-0.1234930217527703,5.916666666666667,44.333333333333336
2012-05-21,-0.5382254192790682,-0.2143202728002864,7.833333333333333,95.5
2012-05-22,-0.67373489300648925,-0.25869616661597034,4.625,89.958333333333329
2012-05-23,-0.5646597775978599,-0.24748166050265241,nan,86.75
2012-05-24,0.59606041531705112,0.35553154867149583,4.541666666666667,96.625
2012-05-25,-1.9140239691683412,-0.74240243300326036,3.625,92.958333333333329
2012-05-26,-2.6518446435561387,-0.41944951695313598,nan,85.875
2012-05-27,-1.3070659280455481,-0.49740750390433941,1.4583333333333333,76.583333333333329
2012-05-28,-1.7965901775126334,-0.33703849908174549,nan,72.25
2012-05-29,0.8889421599988836,0.29423229827124375,nan,72.708333333333329
2012-05-30,-0.65814947791961609,-0.34490990642659747,3.125,78.916666666666671
2012-05-31,0.32595590608369374,0.19146378523991894,nan,52.625
2012-06-01,-0.70124467107314814,-0.57602877092383187,nan,68.25
2012-06-02,nan,nan,nan,70.791666666666671
2012-06-03,-0.85530385781516372,-0.47593973177567833,nan,62.333333333333336
2012-06-04,-0.35526932623972224,-0.34128040027481527,7.583333333333333,76.75
2012-06-05,-0.54716439617111312,-0.38349503006161112,3.75,70.875
2012-06-06,0.14715832009813798,0.10035626029834292,nan,70.958333333333329
2012-06-07,0.025139272005097149,0.013470964460032256,nan,67.125
2012-06-08,-0.28144733897724211,-0.16194000201154074,nan,54.041666666666664
2012-06-09,-0.91172081484936585,-0.50604116747261008,nan,56.458333333333336
2012-06-10,-0.55226672377205199,-0.28871160709161192,nan,70.458333333333329
2012-06-11,nan,nan,nan,68.583333333333329
2012-06-12,-0.22538534256530104,-0.36320869684429569,nan,90.583333333333329
2012-06-13,-0.86041335368748828,-0.4780991833980725,5.833333333333333,90.291666666666671
2012-06-14,-0.35983077389822338,-0.39790148226934452,6.541666666666667,74.416666666666671
2012-06-15,-0.44480809874938765,-0.21677645246792282,3.9583333333333335,58.75
2012-06-16,-0.063560271287741443,-0.052477581535933543,nan,61.291666666666664
2012-06-17,0.45964745862005607,0.48568069206588627,nan,72.833333333333329
2012-06-18,-0.29484448547122649,-0.28611287628145998,nan,71.166666666666671
2012-06-19,-0.69069205865396743,-0.57733454188771272,nan,76.916666666666671
2012-06-20,nan,nan,nan,63.260869565217391
2012-06-21,-0.55601307651482001,-0.31244375951403108,4.875,51.541666666666664
2012-06-22,1.6949984558306734,0.49469539894625031,2.75,73.083333333333329
2012-06-23,nan,nan,nan,60.416666666666664
2012-06-24,-0.82747617500329596,-0.44455632589494759,2.8333333333333335,58.041666666666664
2012-06-25,nan,nan,nan,85.791666666666671
2012-06-26,nan,nan,6.333333333333333,53.666666666666664
2012-06-27,-0.39817789761170641,-0.19208084050818655,nan,42.875
2012-06-28,-1.5544683420440837,-0.59744623762337168,nan,44.708333333333336
2012-06-29,-0.22501915748133863,-0.098069366528393695,nan,58.791666666666664
2012-06-30,0.64758598541039014,0.12328503336625361,4.625,44.541666666666664
2012-07-01,1.0781982176683724,0.20639779011504908,nan,48.166666666666664
2012-07-02,-0.66956045609176218,-0.3314941759646442,4.5,41.25
2012-07-03,-1.6663783969880355,-0.42697626115965642,nan,49.541666666666664
2012-07-04,-2.491425413286954,-0.35783076640237632,4.125,59.375
2012-07-05,nan,nan,nan,48.875
2012-07-06,-0.71623800890149658,-0.3341140388880775,2.5,54.0
2012-07-07,-1.2553535846359765,-0.36222520758897542,nan,57.5
2012-07-08,nan,nan,3.0,61.416666666666664
2012-07-09,-1.4081559497587459,-0.52259618314337764,3.875,48.0
2012-07-10,nan,nan,nan,53.041666666666664
2012-07-11,nan,nan,nan,61.782608695652172
2012-07-12,nan,nan,2.75,55.25
2012-07-13,-1.1016021270436336,-0.61460993235129269,3.0,57.166666666666664
2012-07-14,-1.1148553003388406,-0.33877578910353762,4.291666666666667,59.0
2012-07-15,0.84614399972873422,0.25247103008169558,3.5,73.958333333333329
2012-07-16,-1.7994439404568205,-0.4784073272648463,4.833333333333333,64.666666666666671
2012-07-17,-1.1025080130267393,-0.22201796742438193,nan,48.625
2012-07-18,0.11644957576649632,0.023961180915892971,3.2916666666666665,71.083333333333329
2012-07-19,-0.38496413637697796,-0.24592875877698761,4.625,75.625
2012-07-20,nan,nan,7.041666666666667,92.708333333333329
2012-07-21,nan,nan,4.333333333333333,69.416666666666671
2012-07-22,nan,nan,nan,64.166666666666671
2012-07-23,nan,nan,3.9166666666666665,78.583333333333329
2012-07-24,1.5086188467931165,0.56667995353240463,nan,60.416666666666664
2012-07-25,-0.55692811195229552,-0.37510686930108245,nan,44.458333333333336
2012-07-26,-0.66698400577265626,-0.20260278916145155,nan,73.5
2012-07-27,-0.48026989338119586,-0.34299109587965759,4.458333333333333,71.25
2012-07-28,1.4151790817832341,0.54111044385153817,5.375,89.708333333333329
2012-07-29,-0.31067655605680811,-0.15296485449319472,3.5,79.958333333333329
2012-07-30,-0.50772788243329492,-0.31823704555517901,nan,76.333333333333329
2012-07-31,-0.3324400619845384,-0.47234217758610664,nan,73.541666666666671
2012-08-01,-0.51299689573614982,-0.34912241278373463,2.5,90.0
2012-08-02,nan,nan,nan,71.708333333333329
2012-08-03,0.081745060668401912,0.037493945964735285,3.375,70.0
2012-08-04,1.202621602511496,0.79086779004937513,nan,75.166666666666671
2012-08-05,0.061170199016078883,0.05587446292185691,nan,77.916666666666671
2012-08-06,0.51793175957092763,0.56100567476858842,nan,63.416666666666664
2012-08-07,-1.254082765375492,-0.73664922726125104,1.75,60.416666666666664
2012-08-08,0.3793632807351579,0.15469825229579112,1.0833333333333333,74.375
2012-08-09,-1.1095974845239662,-0.40985464398975013,nan,74.083333333333329
2012-08-10,nan,nan,nan,84.791666666666671
2012-08-11,0.046784120173185749,0.038661850481268294,nan,75.791666666666671
2012-08-12,nan,nan,4.416666666666667,59.625
2012-08-13,0.72694894060656468,0.44072811291984532,nan,52.75
2012-08-14,0.27495807074164585,0.12230721063471647,nan,70.458333333333329
2012-08-15,0.19029538659193027,0.086692640628924497,3.0833333333333335,87.25
2012-08-16,-0.27119278868995922,-0.19687567873856998,nan,64.583333333333329
2012-08-17,0.36973787113733669,0.1710997824379859,4.0,61.083333333333336
2012-08-18,-0.14587520957445438,-0.064623112492918189,3.4583333333333335,70.416666666666671
2012-08-19,-1.463949073287484,-0.55557481214303162,1.25,59.791666666666664
2012-08-20,-0.40014585529981284,-0.25647603426397408,1.125,63.083333333333336
2012-08-21,nan,nan,nan,60.217391304347828
2012-08-22,0.68116296306271007,0.41119769400837775,nan,65.625
2012-08-23,-1.0063463948686129,-0.49530080418850342,nan,63.416666666666664
2012-08-24,0.35480242509061943,0.15822706520518479,1.9583333333333333,58.416666666666664
2012-08-25,2.5546062899261308,0.62713947843127182,nan,66.875
2012-08-26,-0.099388954667877269,-0.14833706273654926,nan,70.666666666666671
2012-08-27,0.0079594613079147919,0.0068541308130818691,nan,82.791666666666671
2012-08-28,-0.42730150503494413,-0.23664701651826514,nan,65.708333333333329
2012-08-29,0.018983016873016262,0.020872525723388869,4.541666666666667,49.458333333333336
2012-08-30,0.057868740481041965,0.039083470729409611,nan,47.416666666666664
2012-08-31,0.46575093158924447,0.29619333490928557,nan,47.75
2012-09-01,nan,nan,nan,51.0
2012-09-02,nan,nan,nan,nan
2012-09-03,nan,nan,nan,nan
2012-09-04,nan,nan,nan,nan
2012-09-05,nan,nan,nan,nan
2012-09-06,nan,nan,nan,nan
2012-09-07,nan,nan,nan,nan
2012-09-08,nan,nan,nan,nan
2012-09-09,nan,nan,nan,nan
2012-09-10,nan,nan,nan,nan
2012-09-11,nan,nan,nan,nan
2012-09-12,nan,nan,nan,nan
2012-09-13,nan,nan,nan,nan
2012-09-14,-0.22796493354732378,-0.26401593360340048,nan,65.958333333333329
2012-09-15,-0.70622483979541484,-0.76805551238718028,nan,55.125
2012-09-16,0.082345826305401534,0.051116001336295153,nan,52.833333333333336
2012-09-17,-0.019203112891743642,-0.014534682403211523,nan,55.291666666666664
2012-09-18,-0.08010463266473207,-0.061922937664687087,nan,89.708333333333329
2012-09-19,-0.57559643301758201,-0.39550587272594095,5.083333333333333,54.416666666666664
2012-09-20,-0.77354322610687798,-0.59088024428708719,nan,68.875
2012-09-21,-0.42049664041886292,-0.4149816785945874,nan,67.666666666666671
2012-09-22,-1.3752666580161927,-0.60944737124488513,nan,81.5
2012-09-23,nan,nan,nan,55.5
2012-09-24,nan,nan,4.083333333333333,50.875
2012-09-25,nan,nan,nan,55.708333333333336
2012-09-26,nan,nan,nan,70.25
2012-09-27,nan,nan,2.6666666666666665,74.75
2012-09-28,nan,nan,nan,94.166666666666671
2012-09-29,nan,nan,2.3333333333333335,79.958333333333329
2012-09-30,nan,nan,3.4583333333333335,69.5
2012-10-01,0.047788031537252647,0.050725646198712247,nan,59.75
2012-10-02,-0.40838257422443602,-0.28033246833822345,3.0,81.666666666666671
2012-10-03,-0.96089393381949062,-0.39984111105157544,1.5833333333333333,93.791666666666671
2012-10-04,-1.2300969442829011,-0.33596201224329625,nan,89.666666666666671
2012-10-05,-1.837882357621115,-0.54410140214200253,nan,68.0
2012-10-06,0.90972470878901401,0.36412176347067005,nan,66.375
2012-10-07,-0.26723537694366112,-0.16863016954764298,nan,75.0
2012-10-08,-0.28617872842570891,-0.22332664312319672,nan,72.791666666666671
2012-10-09,-0.55953993463743146,-0.42278484480402451,6.541666666666667,84.708333333333329
2012-10-10,-1.1383466780436438,-0.46885785390143842,nan,76.541666666666671
2012-10-11,0.21897470381057482,0.15820099513685495,nan,50.666666666666664
2012-10-12,0.71836926556640568,0.61206970589178633,nan,56.333333333333336
2012-10-13,-0.28398064374081033,-0.23918617108331147,nan,51.666666666666664
2012-10-14,-0.82027871907621919,-0.30111520919909657,nan,65.125
2012-10-15,nan,nan,nan,80.458333333333329
2012-10-16,-0.2968256219741891,-0.34990862336895034,nan,54.458333333333336
2012-10-17,-0.2314749139846238,-0.11146368169793743,1.8333333333333333,61.166666666666664
2012-10-18,1.0498735790827862,0.37040566338915898,nan,73.333333333333329
2012-10-19,-1.0137721786023535,-0.5166112514499942,nan,96.708333333333329
2012-10-20,0.53128299894403364,0.47459742270151006,nan,70.125
2012-10-21,0.020768946330296245,0.01189768982944559,nan,53.125
2012-10-22,0.21520978712557012,0.11216317684635894,nan,53.0
2012-10-23,nan,nan,nan,68.349999999999994
2012-10-24,-0.50055002516144687,-0.36860272224072349,5.25,86.291666666666671
2012-10-25,nan,nan,nan,77.705882352941174
2012-10-26,-0.12778884204127289,-0.089280304505798866,1.25,77.291666666666671
2012-10-27,-0.2643859523015521,-0.11392290944228148,6.125,75.666666666666671
2012-10-28,-0.57760339077347023,-0.46701088276346792,11.666666666666666,67.75
2012-10-29,nan,nan,nan,83.714285714285708
2012-10-30,nan,nan,nan,nan
2012-10-31,nan,nan,nan,nan
2012-11-01,nan,nan,nan,nan
2012-11-02,nan,nan,nan,nan
2012-11-03,nan,nan,nan,54.444444444444443
2012-11-04,-0.3349055082680118,-0.22054283157911994,nan,58.916666666666664
2012-11-05,-0.53228188535740917,-0.51423476785839062,nan,51.0
2012-11-06,-1.1067379992848068,-0.4865375243253261,5.625,47.416666666666664
2012-11-07,-0.50271263970459512,-0.23269063834646972,nan,77.458333333333329
2012-11-08,-0.61580138139968654,-0.61072583001452763,nan,61.541666666666664
2012-11-09,-1.0363004063071455,-0.51201558751873832,nan,48.541666666666664
2012-11-10,-0.91009657457587967,-0.4312673680838206,1.5,62.25
2012-11-11,-0.53976474134226682,-0.4228073950827681,nan,71.791666666666671
2012-11-12,0.85469193675697375,0.49771421709091318,nan,83.916666666666671
2012-11-13,-0.48810086846249395,-0.42117282740983153,5.958333333333333,75.958333333333329
2012-11-14,nan,nan,nan,53.875
2012-11-15,-0.53235937655638688,-0.27533001961337689,4.916666666666667,54.541666666666664
2012-11-16,nan,nan,nan,56.695652173913047
2012-11-17,-1.5770267002715521,-0.58797839884597136,5.208333333333333,53.208333333333336
2012-11-18,0.2459274155414127,0.21941639627256335,6.375,64.083333333333329
2012-11-19,-0.73787865453144186,-0.26428857961074392,5.708333333333333,73.5
2012-11-20,-0.38049860263639035,-0.20924084558197537,4.083333333333333,62.083333333333336
2012-11-21,0.023439401417729221,0.012483879240999824,4.458333333333333,56.25
2012-11-22,-0.065981722420481601,-0.026584593801314081,2.4166666666666665,68.291666666666671
2012-11-23,0.50895233542418628,0.39329364103336967,nan,74.166666666666671
2012-11-24,-0.6457155878871329,-0.58206266391307548,nan,44.958333333333336
2012-11-25,-0.5797388692124259,-0.38463124881194422,nan,47.458333333333336
2012-11-26,0.1138884538986257,0.08250054129864165,nan,41.708333333333336
2012-11-27,-1.5334295226244279,-0.58142750248040065,nan,77.458333333333329
2012-11-28,-0.017567653488827911,-0.012097350189792955,nan,63.375
2012-11-29,-0.10502701296054666,-0.081493304847731221,nan,52.875
2012-11-30,0.18318831508704519,0.07720506219098365,5.666666666666667,58.208333333333336
2012-12-01,-1.9480877636371363,-0.78649993483522451,9.5416666666666661,81.25
2012-12-02,1.8008762832071457,0.64479055794735984,nan,88.166666666666671
2012-12-03,1.633828319422195,0.48404724027431745,nan,71.916666666666671
2012-12-04,nan,nan,nan,84.714285714285708
2012-12-05,nan,nan,nan,50.555555555555557
2012-12-06,-1.503086197545324,-0.60320776333308812,nan,47.625
2012-12-07,-2.8161597967777272,-0.69403549473615345,nan,82.25
2012-12-08,-0.70022179693105346,-0.18711109603274778,2.5416666666666665,93.25
2012-12-09,-0.19500583576465261,-0.088999588969184723,7.125,84.458333333333329
2012-12-10,nan,nan,nan,95.375
2012-12-11,-0.84069396273003816,-0.45528248047224967,nan,62.666666666666664
2012-12-12,-0.32727813480416829,-0.340775144692953,2.8333333333333335,52.666666666666664
2012-12-13,-0.16814973093737934,-0.10621602803162401,nan,54.125
2012-12-14,-0.42917331541713977,-0.24450597642953961,nan,47.875
2012-12-15,0.67799296766312722,0.47287529170395165,3.7916666666666665,57.208333333333336
2012-12-16,-0.28434838249876521,-0.28260774351454887,nan,86.5
2012-12-17,-2.1509214391082647,-0.49345820883301772,9.1666666666666661,94.666666666666671
2012-12-18,-2.2493422992550856,-0.5332750377286738,7.333333333333333,81.125
2012-12-19,-0.21474839878469132,-0.1489892545308045,nan,53.833333333333336
2012-12-20,-0.034698924525046512,-0.016046615460097714,5.583333333333333,64.625
2012-12-21,-1.7282766442368298,-0.63838449120601193,nan,75.75
2012-12-22,-0.020876947745409439,-0.025267900411160372,12.0,54.666666666666664
2012-12-23,-0.10708421189660221,-0.056320661785827224,nan,48.083333333333336
2012-12-24,0.12841155348520678,0.088450042041643237,3.625,60.083333333333336
2012-12-25,0.63953474974180968,0.46321369636787746,nan,77.583333333333329
2012-12-26,nan,nan,13.833333333333334,80.0
2012-12-27,-0.8281428377382124,-0.44874158370283701,nan,80.458333333333329
2012-12-28,-0.52204144346579506,-0.53004816038202562,nan,62.625
2012-12-29,-1.718539624086928,-0.38706484209549047,6.541666666666667,82.333333333333329
2012-12-30,-0.49455941339240439,-0.5425300649834589,nan,53.958333333333336
2012-12-31,-0.55414876483616216,-0.50226154626166719,nan,55.041666666666664
2013-01-01,0.16392492110181914,0.07025496070785775,nan,56.25
2013-01-02,-0.40324163286055775,-0.39699748088373954,nan,50.791666666666664
2013-01-03,-0.11020977550984427,-0.050534168506444287,nan,55.416666666666664
2013-01-04,-0.074076483545482047,-0.036036118259920119,nan,54.833333333333336
2013-01-05,-0.98539770724255427,-0.40147059889046721,6.625,49.458333333333336
2013-01-06,-1.0228131646637639,-0.37578061179951244,nan,60.416666666666664
2013-01-07,1.7746596018033549,0.80260093644686903,nan,50.208333333333336
2013-01-08,0.39817437427692071,0.24615067742689212,nan,57.666666666666664
2013-01-09,2.6816037459774362,0.55310665668649472,nan,61.583333333333336
2013-01-10,nan,nan,6.666666666666667,44.791666666666664
2013-01-11,-1.1222822676218764,-0.5293745884533374,4.666666666666667,70.791666666666671
2013-01-12,-0.74293190470541304,-0.27200695972777833,3.9583333333333335,93.416666666666671
2013-01-13,-1.614621616954089,-0.3117183435520981,2.9583333333333335,92.125
2013-01-14,1.3405474908042156,0.30179403593349929,nan,73.5
2013-01-15,-0.49971115381261455,-0.18262122182180995,nan,66.541666666666671
2013-01-16,-2.0715528922703781,-0.58708965396225776,5.208333333333333,91.333333333333329
2013-01-17,0.61424451542987546,0.28275920517363773,5.666666666666667,59.291666666666664
2013-01-18,0.66609098794144972,0.47018792431114409,nan,44.625
2013-01-19,-0.60315463958555537,-0.41203889487530748,nan,47.875
2013-01-20,-0.53077297288149294,-0.38313725116111114,10.666666666666666,42.583333333333336
2013-01-21,0.64220123792127604,0.24741764981673112,nan,45.791666666666664
2013-01-22,-0.17228191897893105,-0.11530934656941401,nan,43.0
2013-01-23,-0.18242276302509511,-0.11632323477693075,nan,42.041666666666664
2013-01-24,0.62790535919963497,0.34159095458595362,8.375,44.125
2013-01-25,-1.7926915239118022,-0.51412461803181631,nan,58.875
2013-01-26,0.008074844899275558,0.0058698499996239946,nan,57.541666666666664
2013-01-27,2.7973803900282403,0.69979306849047485,5.791666666666667,47.666666666666664
2013-01-28,-0.57361836575068303,-0.44005019397388084,nan,72.416666666666671
2013-01-29,-0.52873773466498641,-0.14163843145560329,nan,83.291666666666671
2013-01-30,-0.71532349437326803,-0.17616534645290219,5.25,90.75
2013-01-31,-1.3749694553434799,-0.65184103889064482,nan,56.083333333333336
2013-02-01,-0.081095075646105103,-0.0680417207789899,nan,46.0
2013-02-02,-0.21132396731651554,-0.19141456756956218,nan,51.125
2013-02-03,1.0097226751792356,0.29145669396295704,nan,68.833333333333329
2013-02-04,-0.21603655315659609,-0.16169257360704606,nan,47.458333333333336
2013-02-05,nan,nan,5.083333333333333,79.25
2013-02-06,nan,nan,nan,58.333333333333336
2013-02-07,nan,nan,nan,44.388888888888886
2013-02-08,-0.12253183045004651,-0.044876086486371189,nan,85.666666666666671
2013-02-09,-0.26346899622997405,-0.20311993321731756,nan,64.0
2013-02-10,0.062440342678758746,0.034833132029720014,3.0833333333333335,52.333333333333336
2013-02-11,-2.2680670411683832,-0.50879823457566442,nan,87.833333333333329
2013-02-12,-0.50237869085956066,-0.3068561751097203,nan,53.375
2013-02-13,0.40304907215383112,0.1807295335265075,3.2916666666666665,56.833333333333336
2013-02-14,-0.80605893286686703,-0.38604703015078734,4.416666666666667,65.083333333333329
2013-02-15,-0.21581576729660201,-0.10491886026688868,6.125,62.458333333333336
2013-02-16,0.011130099848879166,0.010835754175747394,7.208333333333333,65.416666666666671
2013-02-17,-0.50344840587360107,-0.4322260642785114,nan,37.833333333333336
2013-02-18,0.10119559735366546,0.10448414509120502,nan,38.791666666666664
2013-02-19,-0.28365459731313541,-0.41885705981568744,nan,61.583333333333336
2013-02-20,0.10841343961313465,0.13904578071621512,nan,45.458333333333336
2013-02-21,-0.46580869991013468,-0.28068181600829656,nan,48.291666666666664
2013-02-22,-0.007681506737927008,-0.0027519318886642134,nan,62.5
2013-02-23,0.18513037949090644,0.058178318330235151,nan,91.5
2013-02-24,-0.32022424176625958,-0.1378628622479437,nan,70.958333333333329
2013-02-25,0.16810583713323524,0.15282217224204986,nan,55.541666666666664
2013-02-26,2.7052659982018765,0.50142154737523525,7.875,70.416666666666671
2013-02-27,-3.5042686009365847,-0.66354421959873411,10.916666666666666,86.291666666666671
2013-02-28,0.57816334714420925,0.2575064466634181,nan,61.041666666666664
2013-03-01,0.31566307713645753,0.30511646814465598,nan,61.333333333333336
2013-03-02,-0.37242092605478766,-0.38506694711604084,nan,60.5
2013-03-03,-0.26986949817224987,-0.22035789461337779,7.541666666666667,53.291666666666664
2013-03-04,-0.22860958231598222,-0.21661059070287816,nan,51.333333333333336
2013-03-05,0.28157328077036781,0.38043709705886525,nan,50.5
2013-03-06,nan,nan,nan,73.666666666666671
2013-03-07,nan,nan,nan,nan
2013-03-08,nan,nan,nan,nan
2013-03-09,nan,nan,nan,nan
2013-03-10,nan,nan,nan,nan
2013-03-11,nan,nan,nan,nan
2013-03-12,nan,nan,nan,nan
2013-03-13,nan,nan,nan,nan
2013-03-14,nan,nan,nan,nan
2013-03-15,nan,nan,nan,nan
2013-03-16,nan,nan,nan,nan
2013-03-17,nan,nan,nan,nan
2013-03-18,nan,nan,nan,nan
2013-03-19,nan,nan,nan,nan
2013-03-20,nan,nan,nan,nan
2013-03-21,nan,nan,nan,nan
2013-03-22,nan,nan,nan,44.666666666666664
2013-03-23,nan,nan,nan,39.333333333333336
2013-03-24,nan,nan,nan,34.666666666666664
2013-03-25,nan,nan,nan,57.333333333333336
2013-03-26,nan,nan,nan,nan
2013-03-27,nan,nan,nan,nan
2013-03-28,nan,nan,nan,48.133333333333333
2013-03-29,-0.26834764185740789,-0.16680762755944595,5.541666666666667,45.75
2013-03-30,-1.3363854238144552,-0.38091377640904922,4.25,41.541666666666664
2013-03-31,0.69450409228360199,0.57273648771043228,6.041666666666667,58.625
2013-04-01,-0.16477968123682485,-0.087193097947304538,nan,61.5
2013-04-02,0.087858202768983068,0.08594472381585562,nan,32.75
2013-04-03,0.27163092905311886,0.31738853028845276,10.791666666666666,31.416666666666668
2013-04-04,0.053992766735131759,0.073361758677518527,nan,40.958333333333336
2013-04-05,-0.6205231702657229,-0.42710797379521981,nan,36.541666666666664
2013-04-06,-0.42280971048285326,-0.34800442961064992,nan,36.625
2013-04-07,-0.98847169866134277,-0.54702899136312522,nan,57.625
2013-04-08,-0.12741880414366996,-0.058881479086200235,nan,54.5
2013-04-09,nan,nan,nan,60.153846153846153
2013-04-10,nan,nan,nan,72.416666666666671
2013-04-11,0.30387156531019088,0.14899802018464997,6.916666666666667,76.291666666666671
2013-04-12,0.49021172372275063,0.18732021474259569,nan,87.333333333333329
2013-04-13,-1.4381727721506237,-0.64356233193968027,2.8333333333333335,65.708333333333329
2013-04-14,-0.15552032542244179,-0.097484188323030865,nan,40.791666666666664
2013-04-15,0.18126262601837756,0.24908111979826347,nan,47.125
2013-04-16,0.072761373101235594,0.064191114540843239,6.583333333333333,70.416666666666671
2013-04-17,nan,nan,nan,66.333333333333329
2013-04-18,nan,nan,nan,nan
2013-04-19,nan,nan,nan,nan
2013-04-20,nan,nan,nan,nan
2013-04-21,nan,nan,nan,nan
2013-04-22,nan,nan,nan,45.0
2013-04-23,nan,nan,nan,nan
2013-04-24,nan,nan,nan,nan
2013-04-25,nan,nan,nan,nan
2013-04-26,nan,nan,nan,nan
2013-04-27,nan,nan,nan,nan
2013-04-28,nan,nan,nan,nan
2013-04-29,nan,nan,nan,nan
2013-04-30,nan,nan,nan,nan
2013-05-01,nan,nan,nan,nan
2013-05-02,nan,nan,nan,41.399999999999999
2013-05-03,-0.92085588314616884,-0.79414030732946661,nan,56.25
2013-05-04,-1.0307346802503801,-0.5482834490109133,5.75,61.625
2013-05-05,-0.11776923972937889,-0.11852620448506213,nan,62.0
2013-05-06,-0.1398544963199998,-0.093501664138607943,3.75,69.75
2013-05-07,-0.35643588673249738,-0.29594229121263954,nan,71.0
2013-05-08,-0.7037939809209246,-0.31321005868084673,5.125,90.125
2013-05-09,nan,nan,3.5,82.666666666666671
2013-05-10,0.55403053978012151,0.25389858917208064,nan,64.375
2013-05-11,-1.1755517386654568,-0.5515596839765099,nan,92.041666666666671
2013-05-12,-0.064128660243250951,-0.037777915902599171,7.666666666666667,46.5
2013-05-13,-0.055390740949246321,-0.10123419876753251,nan,42.125
2013-05-14,0.026864475666536311,0.01620313141085921,nan,38.916666666666664
2013-05-15,-0.30260554473610085,-0.11427146889591583,nan,60.041666666666664
2013-05-16,nan,nan,nan,48.583333333333336
2013-05-17,-0.2225687426730453,-0.15344177183391386,nan,39.041666666666664
2013-05-18,0.63912832959036303,0.57444530522691051,nan,66.833333333333329
2013-05-19,-0.22154492762055675,-0.21298926871291293,nan,92.5
2013-05-20,0.21142497857128142,0.077457714543614928,nan,79.541666666666671
2013-05-21,0.2929029524625274,0.42181369736772512,nan,69.833333333333329
2013-05-22,-2.6421439001716776,-0.79114334197010105,nan,80.458333333333329
2013-05-23,0.13963554195417399,0.11781316717965552,5.25,85.833333333333329
2013-05-24,0.39825955142946845,0.45526515553007191,nan,89.791666666666671
2013-05-25,-0.40086803490676459,-0.29937361356521291,nan,74.083333333333329
2013-05-26,-0.54515455947775115,-0.2524768945208184,nan,45.458333333333336
2013-05-27,-1.037153532344649,-0.50774180473275343,nan,38.041666666666664
2013-05-28,0.68199895641453967,0.47993331017338631,nan,75.083333333333329
2013-05-29,-1.1334897926296332,-0.55331394045496252,nan,75.625
2013-05-30,0.68820881738383366,0.45719091939511797,nan,54.291666666666664
2013-05-31,nan,nan,nan,54.833333333333336
2013-06-01,nan,nan,nan,61.478260869565219
2013-06-02,-0.81595074357190389,-0.31151678210242029,nan,64.958333333333329
2013-06-03,nan,nan,nan,82.875
2013-06-04,nan,nan,nan,40.826086956521742
2013-06-05,0.0078097170829866426,0.0063741327746903486,nan,49.875
2013-06-06,0.7723609228571845,0.48026372465431627,nan,75.833333333333329
2013-06-07,-0.61588943524763473,-0.42170604534014355,8.625,95.708333333333329
2013-06-08,-0.85472604219764636,-0.48582791168218298,nan,75.333333333333329
2013-06-09,-0.90327984152562379,-0.34947373989021291,nan,62.333333333333336
2013-06-10,2.3086965799150789,0.68830644288319487,5.833333333333333,89.125
2013-06-11,-0.87472379120592303,-0.43103887612780439,nan,74.458333333333329
2013-06-12,-0.59587238848907731,-0.48987075195567809,nan,52.333333333333336
2013-06-13,nan,nan,nan,81.458333333333329
2013-06-14,-1.7675926306792991,-0.65973380748623101,nan,75.833333333333329
2013-06-15,-0.73718234290884632,-0.30816195738113134,nan,51.416666666666664
2013-06-16,-0.08688034001970775,-0.046671393107328263,nan,57.041666666666664
2013-06-17,0.0011487556640944426,0.00074159719296450395,nan,66.916666666666671
2013-06-18,-0.77179617659450817,-0.32290082476874599,3.375,79.916666666666671
2013-06-19,-1.0173212800112486,-0.55560652959834422,5.166666666666667,58.833333333333336
2013-06-20,0.035619677819331216,0.035412277951916531,nan,54.25
2013-06-21,-0.29387042004835601,-0.20795313477560237,nan,49.208333333333336
2013-06-22,0.64943993659747923,0.29327774224745962,nan,54.458333333333336
2013-06-23,-0.28839223974210393,-0.15956194432510171,nan,67.875
2013-06-24,-1.7348237539972935,-0.45563973308192257,nan,63.458333333333336
2013-06-25,-1.1346781433925694,-0.57149661024261111,nan,60.625
2013-06-26,-0.2388996125475209,-0.13045302039147999,nan,66.916666666666671
2013-06-27,1.0843103864083758,0.41942328394490835,nan,76.375
2013-06-28,nan,nan,nan,85.5
2013-06-29,nan,nan,nan,nan
2013-06-30,nan,nan,nan,nan
2013-07-01,nan,nan,nan,94.071428571428569
2013-07-02,nan,nan,nan,86.952380952380949
2013-07-03,nan,nan,nan,nan
2013-07-04,nan,nan,nan,nan
2013-07-05,nan,nan,nan,57.53846153846154
2013-07-06,-1.0582820638176227,-0.42292962316215826,nan,62.333333333333336
2013-07-07,-0.048471741660657132,-0.0279788301153981,nan,61.125
2013-07-08,-1.031022112501581,-0.49636795576872655,nan,64.916666666666671
2013-07-09,-0.36301095518537246,-0.1013959321117377,nan,68.666666666666671
2013-07-10,nan,nan,nan,73.25
2013-07-11,nan,nan,nan,65.913043478260875
2013-07-12,-0.98634693691657338,-0.3933655822880171,nan,75.333333333333329
2013-07-13,-0.39268837288655745,-0.18844636042570062,4.958333333333333,88.833333333333329
2013-07-14,0.1966249882766459,0.096727118872780668,4.0,70.833333333333329
2013-07-15,-0.30583312943310925,-0.17747942309576745,3.4583333333333335,61.208333333333336
2013-07-16,-0.88639148782803667,-0.55171997126963934,4.666666666666667,50.25
2013-07-17,0.7900480813704901,0.25660553207276482,nan,55.125
2013-07-18,2.1101570101970064,0.51948640314780259,nan,52.041666666666664
2013-07-19,0.18826945438844567,0.066784071296539294,nan,59.708333333333336
2013-07-20,-0.043969808634351272,-0.010343778275281181,nan,58.833333333333336
2013-07-21,nan,nan,nan,53.421052631578945
2013-07-22,nan,nan,nan,82.5
2013-07-23,-0.50297593574847144,-0.28125392715559799,nan,74.875
2013-07-24,nan,nan,nan,59.869565217391305
2013-07-25,nan,nan,nan,61.315789473684212
2013-07-26,nan,nan,nan,45.666666666666664
2013-07-27,nan,nan,nan,nan
2013-07-28,nan,nan,nan,nan
2013-07-29,nan,nan,nan,nan
2013-07-30,nan,nan,nan,46.454545454545453
2013-07-31,-0.57668173467018291,-0.32861135473063113,2.75,56.208333333333336
2013-08-01,0.77147426153781617,0.42543035744554608,nan,81.166666666666671
2013-08-02,-0.38117759785832128,-0.20082380609814263,nan,62.333333333333336
2013-08-03,-0.049714127342787476,-0.03326426692903179,nan,67.791666666666671
2013-08-04,-0.47069241610763568,-0.30144801769281704,nan,51.208333333333336
2013-08-05,0.22593554052327861,0.14566907690552747,3.375,45.333333333333336
2013-08-06,0.56514754068601203,0.36724697628818781,nan,54.416666666666664
2013-08-07,-0.67921154590452082,-0.67050962310767859,nan,68.208333333333329
2013-08-08,-1.1851589704126388,-0.53903046072293004,nan,88.041666666666671
2013-08-09,-2.4571402423545301,-0.88353533515048088,nan,82.916666666666671
2013-08-10,nan,nan,nan,57.714285714285715
2013-08-11,-0.88401216391246473,-0.49058564267491267,nan,54.041666666666664
2013-08-12,-0.71222064153078746,-0.29110265682519576,2.0416666666666665,73.625
2013-08-13,0.27184409533794135,0.19840514106130366,nan,83.333333333333329
2013-08-14,nan,nan,6.083333333333333,51.25
2013-08-15,nan,nan,nan,49.608695652173914
2013-08-16,0.28339494792521314,0.33350786185592496,1.8333333333333333,52.5
2013-08-17,0.0069370425375492048,0.0088047802357490157,1.9166666666666667,51.708333333333336
2013-08-18,-0.03372171514102066,-0.021666252773393801,2.9166666666666665,58.083333333333336
2013-08-19,0.076554141606606105,0.037196186105135927,nan,64.166666666666671
2013-08-20,-0.37990052015835896,-0.2727704164105515,2.875,60.333333333333336
2013-08-21,-0.73082652807610848,-0.38496400982981926,nan,56.083333333333336
2013-08-22,0.9375528281329748,0.46350069935465316,3.5416666666666665,84.375
2013-08-23,1.6436767610748546,0.69352543291398905,5.541666666666667,55.375
2013-08-24,-0.81393935632939562,-0.46346403545388098,nan,50.375
2013-08-25,0.056162636494768901,0.042475399768309705,nan,51.166666666666664
2013-08-26,-1.894121866407118,-0.55650262816864593,nan,59.208333333333336
2013-08-27,0.49371559222227929,0.39848379828461261,4.625,66.666666666666671
2013-08-28,-0.89315147262099959,-0.31362922256423115,2.5,82.416666666666671
2013-08-29,0.24381220282024757,0.17986861079284483,5.041666666666667,77.416666666666671
2013-08-30,-2.7939420637966168,-0.57093628107830707,nan,69.25
2013-08-31,-0.35058680252813873,-0.26193667715718116,nan,72.5
2013-09-01,-0.49389949077761697,-0.38797854661448039,nan,77.958333333333329
2013-09-02,-0.44603911087769066,-0.10176553650515663,1.125,83.25
2013-09-03,nan,nan,nan,66.458333333333329
2013-09-04,-0.36219261214606618,-0.33764910352814143,nan,52.958333333333336
2013-09-05,nan,nan,nan,45.958333333333336
2013-09-06,-0.65217395306661652,-0.5626171537665644,nan,44.458333333333336
2013-09-07,-1.1662753806351569,-0.61488632956528033,3.5,45.958333333333336
2013-09-08,nan,nan,nan,48.875
2013-09-09,nan,nan,nan,55.260869565217391
2013-09-10,-3.6163286388578189,-0.76958435039042294,nan,69.916666666666671
2013-09-11,-0.53398990781573363,-0.35960434984071044,nan,63.666666666666664
2013-09-12,0.81971852201215167,0.31263622458999729,nan,77.708333333333329
2013-09-13,0.3312451233717863,0.40339284848588686,nan,67.708333333333329
2013-09-14,-0.57175500611950958,-0.44795051174694611,nan,57.791666666666664
2013-09-15,-0.69415007378942017,-0.36762040175819266,nan,54.416666666666664
2013-09-16,0.30147514932410674,0.24314378326247577,nan,64.166666666666671
2013-09-17,-0.35848081323224285,-0.43381901811252788,nan,48.625
2013-09-18,-0.34501084990471859,-0.4386760757405801,nan,55.25
2013-09-19,-0.32465124760439412,-0.43411545372501564,nan,56.458333333333336
2013-09-20,0.27669934870442836,0.24605391827492612,nan,64.458333333333329
2013-09-21,-0.1923705694103926,-0.2402163046127801,nan,78.375
2013-09-22,nan,nan,5.875,61.833333333333336
2013-09-23,-0.14252822495483233,-0.21337357827597345,nan,53.708333333333336
2013-09-24,-0.24292296972542191,-0.15612987159941946,nan,51.083333333333336
2013-09-25,0.40120821376361349,0.12839248642265913,1.7916666666666667,55.0
2013-09-26,0.070119165064922551,0.059232594233509926,3.375,72.041666666666671
2013-09-27,-0.81770019318561216,-0.49154756996920351,nan,64.875
2013-09-28,-0.27525300701086597,-0.31906592300156011,4.458333333333333,60.75
2013-09-29,0.12010961649525544,0.12581318233824654,2.8333333333333335,69.5
2013-09-30,nan,nan,nan,65.130434782608702
2013-10-01,-0.42597985523444426,-0.15864585061768008,2.0416666666666665,57.5
2013-10-02,0.31001953197412813,0.1588016122034478,4.083333333333333,55.541666666666664
2013-10-03,-0.15380073714454404,-0.14409072751715091,1.4583333333333333,56.833333333333336
2013-10-04,-0.43900318715836933,-0.15239531499861766,2.875,66.791666666666671
2013-10-05,-0.42961843290542034,-0.18066994397339681,nan,77.708333333333329
2013-10-06,-1.0566529985911024,-0.57605029835570731,5.791666666666667,86.625
2013-10-07,0.7377465491254892,0.49341031319322837,nan,81.0
2013-10-08,-0.19437543567246859,-0.20731414012910881,nan,51.166666666666664
2013-10-09,-0.56019169632125598,-0.41268871646399735,8.375,59.625
2013-10-10,nan,nan,9.25,70.666666666666671
2013-10-11,-0.67576783574467392,-0.39312706823828808,9.375,71.166666666666671
2013-10-12,-1.1464425007323424,-0.45629326060529957,11.125,52.125
2013-10-13,-0.70326539325376458,-0.50730781895522337,nan,67.458333333333329
2013-10-14,-0.4989450951218381,-0.44879196840292057,2.625,68.083333333333329
2013-10-15,0.29327242968297934,0.19672305641454249,2.7083333333333335,68.333333333333329
2013-10-16,-1.3482547927926709,-0.6374370728724339,3.3333333333333335,76.458333333333329
2013-10-17,-0.61752993139510004,-0.39009468939868497,nan,78.791666666666671
2013-10-18,-1.147868059010219,-0.52192340449590979,nan,51.333333333333336
2013-10-19,0.46161374868415866,0.29312044470365817,nan,60.125
2013-10-20,-0.57029396033360169,-0.27892963553532696,5.5,48.083333333333336
2013-10-21,0.60310394346280194,0.40856005379678223,nan,48.166666666666664
2013-10-22,nan,nan,nan,57.826086956521742
2013-10-23,-0.6050654274031928,-0.57627157087153358,nan,54.875
2013-10-24,-0.12028888565315536,-0.11053231727656354,nan,49.208333333333336
2013-10-25,0.38023180574816523,0.2047324397430981,nan,50.083333333333336
2013-10-26,0.65721896686611636,0.48235923441720141,nan,47.5
2013-10-27,0.81697895315829883,0.45160150968196233,nan,42.291666666666664
2013-10-28,0.11599007245017687,0.090578472397505563,nan,44.458333333333336
2013-10-29,nan,nan,nan,47.238095238095241
2013-10-30,-1.8601454066712448,-0.59338014288880536,2.1666666666666665,63.833333333333336
2013-10-31,0.61262854260763711,0.57024635723744654,nan,78.833333333333329
2013-11-01,-0.75348324870977457,-0.35740433759579271,nan,72.791666666666671
2013-11-02,-0.78559882127483871,-0.34944615909341431,nan,54.166666666666664
2013-11-03,-0.7829604113395694,-0.72460394275299789,nan,52.708333333333336
2013-11-04,nan,nan,6.5,37.875
2013-11-05,0.098464209866778923,0.071874329571503678,nan,58.458333333333336
2013-11-06,nan,nan,nan,66.375
2013-11-07,-0.73815452541076754,-0.6207927857405855,nan,73.875
2013-11-08,-0.28232782911428861,-0.28191245058605202,nan,48.041666666666664
2013-11-09,-0.40722209113579066,-0.35414361985530141,nan,48.166666666666664
2013-11-10,0.31590608184737717,0.25234103355747711,nan,48.083333333333336
2013-11-11,-0.1327544499072198,-0.23622685982595507,nan,40.833333333333336
2013-11-12,0.4016031763090917,0.52781119129667797,nan,51.833333333333336
2013-11-13,-0.30410551020589055,-0.34281720476818595,nan,43.25
2013-11-14,-0.024264244220278109,-0.021392168837538538,nan,34.75
2013-11-15,-0.83879708528034258,-0.4743312733900959,nan,33.625
2013-11-16,0.68641788892865041,0.26156169341200453,2.6666666666666665,64.5
2013-11-17,0.0028184065434006616,0.0010894588552734195,3.375,86.125
2013-11-18,-0.62830456432232129,-0.27176002626651868,nan,49.041666666666664
2013-11-19,-0.19436354211009976,-0.30330888927235333,nan,42.875
2013-11-20,-0.50396044536328988,-0.3571255429032924,nan,41.416666666666664
2013-11-21,0.37501808439368495,0.16113554397793869,nan,55.791666666666664
2013-11-22,-1.3074453478178045,-0.68762315933679174,nan,73.75
2013-11-23,-0.70272535823127358,-0.42781448331206318,nan,46.333333333333336
2013-11-24,-0.047392792224179872,-0.046816388589897735,12.083333333333334,35.833333333333336
2013-11-25,-0.086043357888528724,-0.14604758024093295,nan,42.166666666666664
2013-11-26,-1.1087027070324036,-0.59110903231730427,nan,62.333333333333336
2013-11-27,-0.58847212894957035,-0.27027703054611102,nan,79.833333333333329
2013-11-28,0.22386670398608682,0.23302796127627773,nan,40.25
2013-11-29,-0.041974003700996396,-0.03270108524076297,nan,46.291666666666664
2013-11-30,-1.0562777378691415,-0.59250362019212943,5.208333333333333,53.333333333333336
2013-12-01,-0.64963159516146329,-0.32191010428425476,1.5416666666666667,56.958333333333336
2013-12-02,-1.8988864182790735,-0.67520944885746925,2.9166666666666665,67.5
2013-12-03,-0.64773021896974459,-0.22073723827444452,3.0,66.125
2013-12-04,-0.28523152002266444,-0.17294382327508254,2.5833333333333335,66.708333333333329
2013-12-05,0.75884671655965763,0.12319825690188002,2.2083333333333335,84.125
2013-12-06,0.099941033497453508,0.064367957112548987,nan,85.958333333333329
2013-12-07,-0.6425168769766969,-0.45207934182322701,nan,61.333333333333336
2013-12-08,-0.5406416833848886,-0.3014496009173267,5.666666666666667,60.25
2013-12-09,-1.2119677535764526,-0.35134068498646437,6.75,87.291666666666671
2013-12-10,0.21459101942034392,0.19010122816274333,nan,75.75
2013-12-11,-0.39162521148455848,-0.31903818600172751,nan,49.583333333333336
2013-12-12,0.050702386704472122,0.049637321026932434,nan,43.583333333333336
2013-12-13,nan,nan,nan,43.041666666666664
2013-12-14,-0.23065213194360137,-0.1665191818740995,9.4583333333333339,74.833333333333329
2013-12-15,-0.67479771621967499,-0.18681006591758884,nan,73.791666666666671
2013-12-16,0.051228031820011212,0.040873274953315976,nan,46.208333333333336
2013-12-17,-1.7307106437477748,-0.72245204767810201,nan,71.833333333333329
2013-12-18,-0.40469610377476223,-0.40360585838242408,nan,61.041666666666664
2013-12-19,-0.86676466219782888,-0.45400263058857959,nan,51.833333333333336
2013-12-20,-0.24516153173068053,-0.1647319813688857,nan,52.291666666666664
2013-12-21,-1.0628131802135565,-0.38497588371624908,nan,68.5
2013-12-22,0.23062089454604912,0.14569300395164797,5.458333333333333,70.916666666666671
2013-12-23,-0.63532318527774656,-0.30889114771953496,nan,83.041666666666671
2013-12-24,-0.41722281869865951,-0.26834866618788306,nan,51.458333333333336
2013-12-25,-0.088682780460374616,-0.14713586471364265,nan,46.375
2013-12-26,-1.4774427039327569,-0.63607101684045042,nan,60.291666666666664
2013-12-27,-0.609411740615732,-0.31997430771328511,nan,50.041666666666664
2013-12-28,0.23626909766682738,0.16839627277124564,nan,41.791666666666664
2013-12-29,-0.43551423323712857,-0.24467114356212968,6.291666666666667,66.583333333333329
2013-12-30,0.26108735585738979,0.15666697170678578,nan,60.333333333333336
2013-12-31,-1.1176102013054914,-0.67238152799411,5.5217391304347823,50.869565217391305
