2010-01-01,nan,nan
2010-01-04,nan,nan
2010-01-05,nan,nan
2010-01-09,nan,nan
2010-01-10,nan,nan
2010-01-11,nan,nan
2010-01-15,nan,nan
2010-01-16,nan,nan
2010-01-17,nan,nan
2010-01-18,nan,nan
2010-01-20,nan,nan
2010-01-21,nan,nan
2010-01-24,nan,nan
2010-01-25,nan,nan
2010-01-28,nan,nan
2010-01-29,nan,nan
2010-01-30,nan,nan
2010-02-01,nan,nan
2010-02-02,nan,nan
2010-02-03,nan,nan
2010-02-04,1.3626258621803642,0.47830217848992523
2010-02-05,0.088783844847809892,0.093196902944228263
2010-02-06,-0.26361090356647704,-0.27353693538771789
2010-02-07,0.22285411938342137,0.15042952208703497
2010-02-08,-0.032050629979545782,-0.029603019459323331
2010-02-09,0.032384984158562682,0.014132969970957296
2010-02-10,0.3391232328972848,0.27468907995474195
2010-02-11,0.46263305730203302,0.29093968602509795
2010-02-12,0.5492410265270844,0.46325815166836193
2010-02-13,0.51711120454593207,0.37742260730412563
2010-02-14,-0.32462930971742876,-0.2083985499004895
2010-02-15,1.4240707708043736,0.40967527433741885
2010-02-16,0.33915956427665817,0.23357684338926565
2010-02-17,-0.19615529539934304,-0.18222812071636857
2010-02-18,nan,nan
2010-02-19,-0.37778199061061629,-0.38877389979773724
2010-02-20,0.34497109148411376,0.39123812791959434
2010-02-21,0.13677184048446481,0.091240895435740599
2010-02-22,-0.062587680763113177,-0.09512954452053167
2010-02-23,0.3207314234986518,0.36331195803507355
2010-02-24,0.21614985593974634,0.42341552666965304
2010-02-25,0.24044356060316213,0.14602319442818987
2010-02-26,0.26180729606734265,0.10014471099253067
2010-02-27,-1.2277444906745067,-0.46829897798192788
2010-02-28,-0.28690364972450338,-0.10146406524796409
2010-03-01,nan,nan
2010-03-02,nan,nan
2010-03-03,-0.22189243716901064,-0.29229179667226235
2010-03-04,nan,nan
2010-03-05,nan,nan
2010-03-06,nan,nan
2010-03-07,nan,nan
2010-03-08,nan,nan
2010-03-09,nan,nan
2010-03-10,nan,nan
2010-03-11,nan,nan
2010-03-12,0.02592491972458701,0.047396238124689537
2010-03-13,0.84321297662431483,0.6679622911070574
2010-03-14,-0.14010740664080173,-0.059916289715045749
2010-03-15,-0.19024171935684772,-0.18459990916128002
2010-03-16,0.43644096425001039,0.1170591128074281
2010-03-17,0.8905025998090631,0.32463799531910897
2010-03-18,0.35939242025955587,0.10105879606218791
2010-03-19,1.1341215911747526,0.25315291842274501
2010-03-20,-0.70493571066171568,-0.23835686100385706
2010-03-21,0.26129477553111674,0.038117165750752142
2010-03-22,nan,nan
2010-03-23,nan,nan
2010-03-24,0.059739107304900715,0.027476316946222799
2010-03-25,0.78636389036798537,0.23344023176466563
2010-03-26,nan,nan
2010-03-27,0.0079854767271522239,0.0091635794208504186
2010-03-28,0.11528366130241144,0.14323269861221352
2010-03-29,-0.33866447012383999,-0.08850384261153782
2010-03-30,nan,nan
2010-03-31,nan,nan
2010-04-03,nan,nan
2010-04-04,nan,nan
2010-04-06,nan,nan
2010-04-09,nan,nan
2010-04-10,nan,nan
2010-04-11,nan,nan
2010-04-14,nan,nan
2010-04-15,nan,nan
2010-04-18,nan,nan
2010-04-21,nan,nan
2010-04-23,nan,nan
2010-04-27,nan,0.0
2010-05-02,nan,nan
2010-05-03,nan,nan
2010-05-05,nan,nan
2010-05-06,nan,nan
2010-05-07,nan,nan
2010-05-08,nan,nan
2010-05-09,nan,0.0
2010-05-10,nan,nan
2010-05-11,nan,nan
2010-05-12,nan,nan
2010-05-14,nan,nan
2010-05-15,nan,nan
2010-05-16,nan,nan
2010-05-18,nan,nan
2010-05-20,nan,nan
2010-05-22,nan,nan
2010-05-23,nan,nan
2010-05-28,nan,nan
2010-06-05,nan,nan
2010-06-06,nan,nan
2010-06-07,nan,nan
2010-06-09,nan,nan
2010-06-10,nan,nan
2010-06-12,nan,nan
2010-06-14,nan,nan
2010-06-15,nan,nan
2010-06-17,nan,nan
2010-06-19,nan,nan
2010-06-20,nan,nan
2010-06-21,nan,nan
2010-06-24,nan,nan
2010-06-26,nan,0.0
2010-06-28,nan,nan
2010-07-02,nan,nan
2010-07-03,nan,nan
2010-07-04,nan,nan
2010-07-05,nan,nan
2010-07-08,nan,nan
2010-07-10,nan,nan
2010-07-11,nan,nan
2010-07-12,nan,nan
2010-07-13,nan,nan
2010-07-15,nan,nan
2010-07-17,nan,nan
2010-07-18,nan,nan
2010-07-19,nan,nan
2010-07-20,nan,nan
2010-07-24,nan,nan
2010-07-28,nan,nan
2010-07-30,nan,nan
2010-08-01,nan,nan
2010-08-02,nan,nan
2010-08-03,-0.80992124235418261,-0.50928966051317481
2010-08-04,-1.1117216912515033,-0.42020264227475473
2010-08-05,nan,nan
2010-08-06,nan,nan
2010-08-07,nan,nan
2010-08-08,-0.88843164031030741,-0.25497963394980616
2010-08-09,-0.49384606496667005,-0.20557129516457512
2010-08-10,-0.70489447209432288,-0.18509962752667342
2010-08-11,nan,nan
2010-08-12,nan,nan
2010-08-13,nan,nan
2010-08-14,nan,nan
2010-08-15,nan,nan
2010-08-16,-0.44398309112284023,-0.10698623617980299
2010-08-17,nan,nan
2010-08-18,-0.37057283874808472,-0.21861907308561437
2010-08-19,-0.27635701499125193,-0.24834821783086139
2010-08-20,nan,nan
2010-08-21,nan,nan
2010-08-22,nan,nan
2010-08-23,nan,nan
2010-08-24,nan,nan
2010-08-25,nan,nan
2010-08-26,nan,nan
2010-08-27,nan,nan
2010-08-28,-0.38318257902412073,-0.12729041155056711
2010-08-29,nan,nan
2010-08-30,nan,nan
2010-08-31,nan,nan
2010-09-01,nan,nan
2010-09-02,nan,nan
2010-09-03,0.98913626616737105,0.43883049658226836
2010-09-04,nan,nan
2010-09-05,nan,nan
2010-09-06,-0.36381718712270711,-0.30923603354075085
2010-09-07,nan,nan
2010-09-08,nan,nan
2010-09-09,nan,nan
2010-09-10,nan,nan
2010-09-11,nan,nan
2010-09-12,nan,nan
2010-09-13,nan,nan
2010-09-14,nan,nan
2010-09-15,nan,nan
2010-09-16,-0.6831310051621462,-0.3962128017979456
2010-09-17,nan,nan
2010-09-18,nan,nan
2010-09-19,nan,nan
2010-09-20,nan,nan
2010-09-21,nan,nan
2010-09-22,nan,nan
2010-09-23,1.87449873944741,0.54758503945121706
2010-09-24,-2.2287662165257123,-0.47456597048070276
2010-09-25,nan,nan
2010-09-26,nan,nan
2010-09-27,nan,nan
2010-09-28,nan,nan
2010-09-29,-0.64383210461971618,-0.36726411254939051
2010-09-30,0.97246835443037993,0.47122595706331083
2010-10-01,nan,nan
2010-10-02,nan,nan
2010-10-03,nan,nan
2010-10-04,-0.33470739315181713,-0.47534023550861226
2010-10-05,nan,nan
2010-10-06,nan,nan
2010-10-07,-0.51874017626916924,-0.38060832142125417
2010-10-08,nan,nan
2010-10-09,0.92693791466081299,0.57397551759794574
2010-10-10,-0.57529632219512494,-0.25406357000227309
2010-10-11,-0.14062938358027971,-0.046937833356484195
2010-10-12,nan,nan
2010-10-13,nan,nan
2010-10-14,-0.047329220293149996,-0.016932137480542002
2010-10-15,-0.08412426355678998,-0.17177939308438273
2010-10-16,-0.24475629431375764,-0.38645774401944988
2010-10-17,-1.2940625423305596,-0.51256439905359019
2010-10-18,nan,nan
2010-10-19,-0.54638066646338368,-0.20648739667780847
2010-10-20,-0.3363023296002266,-0.32228302271977627
2010-10-21,0.82186659674868823,0.26004897126691118
2010-10-22,-0.011279041120834691,-0.011102880998962792
2010-10-23,-1.1483878672326124,-0.34680955372632238
2010-10-24,0.86852067732969518,0.25308994246543992
2010-10-25,0.87757587986095265,0.32700344268657944
2010-10-26,-0.47075747272724633,-0.39663237333844142
2010-10-27,-0.19740727779434608,-0.24181002386102338
2010-10-28,nan,nan
2010-10-29,nan,nan
2010-10-30,-0.372902861290696,-0.19846605076197529
2010-10-31,0.61192775434739954,0.34865652316367729
2010-11-01,-0.20852542692798395,-0.12689788326978327
2010-11-02,nan,nan
2010-11-03,0.84487847129557958,0.40257950973168088
2010-11-04,0.12486747866635321,0.090107348565724721
2010-11-05,-0.73218281759155435,-0.39376772390946541
2010-11-06,0.59991307188174403,0.45278130168191472
2010-11-07,-0.18255446637213046,-0.11235282430857667
2010-11-08,nan,nan
2010-11-09,0.13830195004654922,0.15786174086351115
2010-11-10,nan,nan
2010-11-11,-0.010115045886984175,-0.0059500403829790558
2010-11-12,-0.43354525022562218,-0.22399710274620629
2010-11-13,nan,nan
2010-11-14,nan,nan
2010-11-15,nan,nan
2010-11-16,nan,nan
2010-11-17,-0.14013549913478737,-0.16032445454077762
2010-11-18,0.098718074743586404,0.087501004213467695
2010-11-19,0.094381722090184056,0.11554127493914979
2010-11-20,-1.9932380678367065,-0.73427033598018177
2010-11-21,0.63906990307520406,0.46489240773993717
2010-11-22,-1.381275441751306,-0.5567673393068332
2010-11-23,0.50773586178861418,0.21081984936971412
2010-11-24,0.23409995314238025,0.31967746958770787
2010-11-25,-0.041998073482867652,-0.026266438238845193
2010-11-26,1.1621851360964717,0.47766314639107749
2010-11-27,0.01479221095163042,0.040191738614708081
2010-11-28,-0.32668968222180012,-0.14080283736007429
2010-11-29,nan,nan
2010-11-30,nan,nan
2010-12-01,0.51923366769244206,0.49422126855220022
2010-12-02,0.30083458949230613,0.33409529930101661
2010-12-03,-0.26752476329298158,-0.30000064563131673
2010-12-04,1.0083314482875154,0.62226684109324693
2010-12-05,0.53564943330552606,0.41599506450420887
2010-12-06,nan,nan
2010-12-07,-0.073443210212496834,-0.081509842043406389
2010-12-08,1.6837881860143344,0.48450573013543624
2010-12-09,-0.21689148279610784,-0.11694606806463495
2010-12-10,nan,nan
2010-12-11,-2.1699518828338906,-0.57834038141502286
2010-12-12,-0.24529806202385543,-0.040076938742397566
2010-12-13,nan,nan
2010-12-14,-0.1306424948863795,-0.20741759234841833
2010-12-15,-0.37546868871747929,-0.53398219672715586
2010-12-16,0.0042669849591885321,0.0023569463121279528
2010-12-17,0.55510703450647747,0.40903505285334452
2010-12-18,-1.1103085834534385,-0.48551585301597655
2010-12-19,2.3019965221218532,0.52515680732353909
2010-12-20,-0.088272741834347718,-0.062388139913114635
2010-12-21,0.21518486975622286,0.26255797444809825
2010-12-22,nan,nan
2010-12-23,nan,nan
2010-12-24,nan,nan
2010-12-25,-0.38617185303154478,-0.37719867856826128
2010-12-26,0.47060459074900668,0.54157593542991156
2010-12-27,nan,nan
2010-12-28,-0.29521369704483741,-0.088313646916533414
2010-12-29,-1.1073200314699072,-0.36397861764030665
2010-12-30,0.23940051578505001,0.10766780905241075
2010-12-31,0.76993854196100597,0.28353554166664768
2011-01-01,1.8937932131648496,0.39873480557547253
2011-01-02,0.20111441480306541,0.048763860597853106
2011-01-03,0.31499454340980171,0.17519980141351305
2011-01-04,-0.93284428322874469,-0.36932571023485378
2011-01-05,0.50814713492686658,0.37973830484689314
2011-01-06,-0.39881765849224332,-0.385233481008389
2011-01-07,0.41079533415685154,0.28291503690430425
2011-01-08,0.07757704896039963,0.057420099657199151
2011-01-09,-0.27670802740615846,-0.28935828553152115
2011-01-10,0.04989988826719334,0.06926180691808452
2011-01-11,0.07294930953267155,0.044069251780939685
2011-01-12,nan,nan
2011-01-13,-0.16083725286584005,-0.18671798839887296
2011-01-14,-0.040827526734359174,-0.03318294703034836
2011-01-15,1.1649263002383907,0.54090330608982151
2011-01-16,0.71052942135467512,0.29538414794572254
2011-01-17,-0.003383520854684107,-0.0030583025213073889
2011-01-18,-0.4622060035379062,-0.36767275204037003
2011-01-19,-0.8875668641704042,-0.52060055822165463
2011-01-20,0.80211107760325873,0.58606756387802861
2011-01-21,-0.64222181507880471,-0.42273384060542674
2011-01-22,0.075380647864459804,0.021045056019565467
2011-01-23,0.50251987585696367,0.26834445790528566
2011-01-24,-0.32685643335001208,-0.23659217758798973
2011-01-25,-0.41744846017170706,-0.090343350975627373
2011-01-26,2.0620107954540945,0.52559541066905524
2011-01-27,nan,nan
2011-01-28,-0.3890157044916015,-0.15671182625238131
2011-01-29,1.7167771444726603,0.45812296289200055
2011-01-30,0.49834339914298686,0.22606694988365406
2011-01-31,0.11319737714408808,0.07218545121150631
2011-02-01,-0.51129361148050767,-0.42767084485991136
2011-02-02,-0.54607088383960278,-0.18302861709166426
2011-02-03,0.32059885667341087,0.45507964712181381
2011-02-04,-0.24506813271806732,-0.14244787647075241
2011-02-05,1.0932432843232267,0.30908284899956917
2011-02-06,-0.3022942830753112,-0.13667753447803624
2011-02-07,0.54726677788034472,0.3158364994048109
2011-02-08,1.9945151510565151,0.55009442993922486
2011-02-09,-0.2748477624467317,-0.18462845098209671
2011-02-10,-0.049790951676377433,-0.049347618316092197
2011-02-11,0.11275309877951273,0.091486568839111104
2011-02-12,1.0785499822183249,0.42949272121247217
2011-02-13,0.038264781970063055,0.032888068363016214
2011-02-14,-0.36743698998617896,-0.32773090839986602
2011-02-15,0.38608462707618246,0.4723772348042905
2011-02-16,0.15443403360877439,0.070446243145511775
2011-02-17,-1.6076299913404559,-0.19739268159208112
2011-02-18,1.3324650812941596,0.14757243900242678
2011-02-19,-0.87034713842215494,-0.4703757894572127
2011-02-20,0.075894135933782164,0.078400753577993545
2011-02-21,-0.36158346704923144,-0.2185617524211845
2011-02-22,-0.1986305781332065,-0.16867780918743774
2011-02-23,0.12904962761998517,0.049568959240653861
2011-02-24,1.84269385811236,0.33528225319957311
2011-02-25,-0.61053867682765461,-0.34489803277662656
2011-02-26,-0.3072397025840673,-0.21010529815880449
2011-02-27,0.1204339341646026,0.047327403545337488
2011-02-28,-0.89221085117656362,-0.39155008574531502
2011-03-01,0.52770350282211054,0.35218269182851819
2011-03-02,-0.096919985119285651,-0.068283834140289365
2011-03-03,0.38394027483476317,0.44115780472618399
2011-03-04,0.89863697458740821,0.57874064528281488
2011-03-05,0.49910574688113285,0.53729197842061927
2011-03-06,0.49283633663042858,0.23702637640644419
2011-03-07,-0.14634776112205511,-0.15064094768712546
2011-03-08,nan,nan
2011-03-09,nan,nan
2011-03-10,-0.21848503279868381,-0.092357017351987897
2011-03-11,-1.4176272178757621,-0.53853607185157859
2011-03-12,0.060004561510844982,0.044609124277952203
2011-03-13,nan,nan
2011-03-14,0.38838797868493524,0.24937099394567813
2011-03-15,0.15921900912331988,0.059334163553558042
2011-03-16,0.32077934060778346,0.1918529748084537
2011-03-17,0.7189309338499712,0.25619726026152734
2011-03-18,0.44454539250820663,0.18917636316448594
2011-03-19,-0.0748969143126854,-0.056074130371930229
2011-03-20,0.41122225652687566,0.23971728492381525
2011-03-21,0.0097095301844858668,0.0016029120295521127
2011-03-22,-0.12057487464741309,-0.097058162225233724
2011-03-23,-0.48345777622015534,-0.21606964560578673
2011-03-24,0.23222663158181139,0.12231326359629531
2011-03-25,0.51440955459468529,0.39402702014118957
2011-03-26,0.16999050513150302,0.087628624198922936
2011-03-27,0.47879516951924772,0.32972151559076979
2011-03-28,0.24269061063569139,0.24409130209089239
2011-03-29,0.17645719294664619,0.14106892112062908
2011-03-30,-0.19938145098185345,-0.13005691076095685
2011-03-31,0.057997638915266388,0.029578746129463811
2011-04-01,-0.66369357904645754,-0.44831110500202276
2011-04-02,-0.34132291007184334,-0.18083985424028159
2011-04-03,0.43539093088420389,0.32236717664620596
2011-04-04,-0.18990210620730333,-0.048307515065935662
2011-04-05,nan,nan
2011-04-06,-0.23515853778641541,-0.14592225210319271
2011-04-07,0.047608778274886743,0.025125233880586195
2011-04-08,1.6718085641961418,0.39106449212903976
2011-04-09,3.2196446787584239,0.6716210147395999
2011-04-10,1.449617165824111,0.53175103976152394
2011-04-11,-0.16911003170026076,-0.059243010965063056
2011-04-12,0.30506678870383036,0.12986670569813258
2011-04-13,0.31269880215503404,0.14184974237548245
2011-04-14,-0.33105463418421099,-0.1087664843104835
2011-04-15,-0.27885878482304033,-0.18467116639353207
2011-04-16,nan,nan
2011-04-17,-0.037950154063423031,-0.011436627199984792
2011-04-18,0.43246059330325465,0.16340693952765936
2011-04-19,0.86086448201371524,0.33863258770029814
2011-04-20,-0.46735767441515358,-0.080024441369863322
2011-04-21,0.19919573679215796,0.15088047610899666
2011-04-22,nan,nan
2011-04-23,-1.8574949192138117,-0.25585052816575415
2011-04-24,-0.88130056085724684,-0.19269023968599269
2011-04-25,-0.22210903308475122,-0.10390806997043504
2011-04-26,-0.062009153151160623,-0.020055352534239283
2011-04-27,0.081208446828666972,0.082579229739400087
2011-04-28,nan,nan
2011-04-29,nan,nan
2011-04-30,0.12216132394140228,0.04732389906366636
2011-05-01,0.59535718958494743,0.25816432505365638
2011-05-02,0.74469082147189036,0.1669633504286594
2011-05-03,-0.59472843516861329,-0.55493102921628701
2011-05-04,nan,nan
2011-05-05,nan,nan
2011-05-06,-0.17460204533460452,-0.10398986703609919
2011-05-07,nan,nan
2011-05-08,-0.14468363802038811,-0.047541072925393592
2011-05-09,nan,nan
2011-05-10,0.013710815633191957,0.020238201129872853
2011-05-11,nan,nan
2011-05-12,-0.09961942784472147,-0.07158524453942712
2011-05-13,-0.41318459987918527,-0.42628128403826326
2011-05-14,0.2480744497019321,0.2611964961800724
2011-05-15,-2.970085766786545,-0.50718038480569316
2011-05-16,nan,nan
2011-05-17,nan,nan
2011-05-18,nan,nan
2011-05-19,-0.33370195970505395,-0.11062399993197521
2011-05-20,1.0849130746155136,0.45931230453133587
2011-05-21,-0.033602116965483625,-0.0049982569342191981
2011-05-22,-0.084005574781201464,-0.022088875498216681
2011-05-23,nan,nan
2011-05-24,2.3744703281546675,0.58890214431610399
2011-05-25,nan,nan
2011-05-26,-0.83793025467207616,-0.30360934373334958
2011-05-27,0.94986130753585074,0.23695037717037817
2011-05-28,0.79509205527708637,0.45255312374459827
2011-05-29,-0.093786299323854933,-0.04791089797321943
2011-05-30,-0.0041233896127219226,-0.0016312270485322644
2011-05-31,-0.28267742938035334,-0.14386730842569687
2011-06-01,-3.7211139781119309,-0.51433869184360415
2011-06-02,nan,nan
2011-06-03,nan,nan
2011-06-04,nan,nan
2011-06-05,nan,nan
2011-06-06,0.1050680870038936,0.026044242494073003
2011-06-07,-0.59632040961751809,-0.11605625725942947
2011-06-08,1.0006749753145547,0.34430355371933774
2011-06-09,0.44642951260905767,0.070831323998200219
2011-06-10,-0.042030739250691666,-0.01897705800116626
2011-06-11,nan,nan
2011-06-12,nan,nan
2011-06-13,nan,nan
2011-06-14,nan,nan
2011-06-15,nan,nan
2011-06-16,nan,nan
2011-06-17,nan,nan
2011-06-18,-0.45587687882911027,-0.21403743633587655
2011-06-19,-0.060622331161021462,-0.021167118364943685
2011-06-20,0.78985802564443208,0.37931181209238529
2011-06-21,-0.54659839157997892,-0.40066193196437444
2011-06-22,-1.0220544221565184,-0.39862786552321278
2011-06-23,nan,nan
2011-06-24,-0.9534497192756306,-0.52979824771532802
2011-06-25,-1.0311034248363675,-0.27989805428873332
2011-06-26,-0.38612604677945273,-0.21755037934565646
2011-06-27,-0.40983849776840525,-0.15225483232528134
2011-06-28,1.2125914185197357,0.45733614628913566
2011-06-29,nan,nan
2011-06-30,0.24298641357262651,0.22249633203624894
2011-07-01,0.12018748586761001,0.16471971107665201
2011-07-02,0.82518250818110606,0.31666132948830134
2011-07-03,2.5310566296773604,0.34489671008540163
2011-07-04,0.72317833941414877,0.20607221408422957
2011-07-05,0.18065591366672762,0.038964396193100798
2011-07-06,0.15925360564491065,0.056923918854829392
2011-07-07,0.17079231800504979,0.071967213637698327
2011-07-08,1.0102785688077385,0.20946095094197589
2011-07-09,nan,nan
2011-07-10,nan,nan
2011-07-11,-1.0893979189817153,-0.48059836024724445
2011-07-12,nan,nan
2011-07-13,nan,nan
2011-07-14,nan,nan
2011-07-15,nan,nan
2011-07-16,nan,nan
2011-07-17,nan,nan
2011-07-18,nan,nan
2011-07-19,nan,nan
2011-07-20,nan,nan
2011-07-21,nan,nan
2011-07-22,nan,nan
2011-07-23,nan,nan
2011-07-24,nan,nan
2011-07-25,nan,nan
2011-07-26,nan,nan
2011-07-27,nan,nan
2011-07-28,nan,nan
2011-07-29,nan,nan
2011-07-30,nan,nan
2011-07-31,nan,nan
2011-08-01,nan,nan
2011-08-02,nan,nan
2011-08-03,nan,nan
2011-08-04,nan,nan
2011-08-05,nan,nan
2011-08-06,nan,nan
2011-08-07,nan,nan
2011-08-08,nan,nan
2011-08-09,nan,nan
2011-08-10,-0.9981250334891284,-0.46561471751129846
2011-08-11,nan,nan
2011-08-12,nan,nan
2011-08-13,-0.28510184314331027,-0.1558876729583675
2011-08-14,nan,nan
2011-08-15,nan,nan
2011-08-16,nan,nan
2011-08-17,-0.17078096154567701,-0.077490047193054731
2011-08-18,0.12410385071525561,0.061068259140635295
2011-08-19,-0.36590944765746247,-0.29727112470157985
2011-08-20,-0.59732049528266695,-0.22945935313700486
2011-08-21,1.3406171125672826,0.22499353956609644
2011-08-22,nan,nan
2011-08-23,nan,nan
2011-08-24,0.26488593588309634,0.30565259980829274
2011-08-25,nan,nan
2011-08-26,0.099118334836337266,0.067137959963351188
2011-08-27,nan,nan
2011-08-28,nan,nan
2011-08-29,-0.087132873348831699,-0.12785106559726192
2011-08-30,nan,nan
2011-08-31,1.7103266103846593,0.66886029625487275
2011-09-01,nan,nan
2011-09-02,-0.35812689035683481,-0.29666850109566451
2011-09-03,nan,nan
2011-09-04,0.20392374651346448,0.069708438412835083
2011-09-05,0.87363335460682723,0.40372113680216709
2011-09-06,nan,nan
2011-09-07,nan,nan
2011-09-08,nan,nan
2011-09-09,nan,nan
2011-09-10,nan,nan
2011-09-11,nan,nan
2011-09-12,-1.1613004247536767,-0.49871956665452866
2011-09-13,0.81483622211832796,0.42045495294776986
2011-09-14,-0.19787777947464583,-0.097324094734465239
2011-09-15,nan,nan
2011-09-16,nan,nan
2011-09-17,nan,nan
2011-09-18,nan,nan
2011-09-19,nan,nan
2011-09-20,nan,nan
2011-09-21,nan,nan
2011-09-22,-0.2903144887882102,-0.11135017177225062
2011-09-23,nan,nan
2011-09-24,nan,nan
2011-09-25,nan,nan
2011-09-26,-0.31342475545720705,-0.090786863116121871
2011-09-27,nan,nan
2011-09-28,nan,nan
2011-09-29,nan,nan
2011-09-30,nan,nan
2011-10-01,nan,nan
2011-10-02,nan,nan
2011-10-03,nan,nan
2011-10-04,nan,nan
2011-10-05,nan,nan
2011-10-06,nan,nan
2011-10-07,nan,nan
2011-10-08,-0.3227819364605064,-0.18406012716636819
2011-10-09,0.2334960249997044,0.14579552850867347
2011-10-10,0.58857702707174431,0.24554842523051673
2011-10-11,nan,nan
2011-10-12,-0.21957055539442499,-0.251894388038299
2011-10-13,nan,nan
2011-10-14,nan,nan
2011-10-15,0.086585408955425852,0.051315418439902075
2011-10-16,0.12574455899198181,0.11115350627746515
2011-10-17,-0.10636306739820341,-0.078314470037062295
2011-10-18,nan,nan
2011-10-19,nan,nan
2011-10-20,-0.023098238688126174,-0.018053973220445208
2011-10-21,-0.47542336499999793,-0.58165713074333891
2011-10-22,0.21562334599979108,0.18828792546170087
2011-10-23,-0.046296462072580528,-0.015118552800507369
2011-10-24,nan,nan
2011-10-25,nan,nan
2011-10-26,-0.69357267485317398,-0.40823591209028803
2011-10-27,1.522054495893566,0.46501998205186668
2011-10-28,-0.17471721639996438,-0.18888805552707433
2011-10-29,0.27090488968358767,0.39920693381178962
2011-10-30,-0.14280609697598612,-0.048798831424262293
2011-10-31,-0.23761210485331688,-0.044310219870831627
2011-11-01,-0.11106783788258842,-0.054692549042793533
2011-11-02,-0.24235065633214536,-0.072137391656639058
2011-11-03,-0.49129215793915171,-0.29431385225334178
2011-11-04,3.4184361347922962,0.80255885749007627
2011-11-05,-0.11401086406732067,-0.038172908200514187
2011-11-06,0.75488163929521079,0.20022522790077085
2011-11-07,-0.54075631049122974,-0.31576922653833833
2011-11-08,0.74625297650488831,0.23450346217922896
2011-11-09,1.4862819099758489,0.14326502638533584
2011-11-10,0.73481888640040705,0.13301478749942389
2011-11-11,0.11710981689545809,0.12750086485176054
2011-11-12,-0.086468568712447846,-0.062080334888595046
2011-11-13,1.1374277199588316,0.36805217759126391
2011-11-14,-1.0777361238145671,-0.2119287311035935
2011-11-15,-0.039367754218786667,-0.015537993576958285
2011-11-16,-0.19686064863710237,-0.10796873247948682
2011-11-17,0.034011745578818219,0.040648632402185768
2011-11-18,0.24010742263743173,0.16739857896654248
2011-11-19,1.3184437315500412,0.44399975785824963
2011-11-20,0.020195860803913404,0.012424317757406539
2011-11-21,2.1042680253443833,0.75049761652115654
2011-11-22,nan,nan
2011-11-23,nan,nan
2011-11-24,0.10181404083707543,0.081029747779102587
2011-11-25,0.25948551447349721,0.19572227623924557
2011-11-26,-0.032609954792608045,-0.014899687237023703
2011-11-27,1.2660539381160607,0.18825486383312928
2011-11-28,-0.85914114450530532,-0.33900954817031159
2011-11-29,0.70556496415460623,0.34618332086853937
2011-11-30,-0.20672070894799108,-0.18693002236116865
2011-12-01,-0.073874353191846973,-0.070792685331680913
2011-12-02,-0.65495973261164075,-0.36629187360663795
2011-12-03,-0.65260307183929489,-0.38815858410315873
2011-12-04,1.1521708543545381,0.23653698197038178
2011-12-05,-2.3859871978414176,-0.30699076031876021
2011-12-06,nan,nan
2011-12-07,nan,nan
2011-12-08,-0.3844367290675279,-0.16539870706625254
2011-12-09,-0.00013476378970465398,-9.969452796148288e-05
2011-12-10,1.1653249099088305,0.64538050399420532
2011-12-11,0.47827635323897455,0.24004173746146962
2011-12-12,-0.13519341960546286,-0.098875823548150055
2011-12-13,0.47778879939971608,0.28232615990044446
2011-12-14,-0.46502880929401019,-0.14640775696815064
2011-12-15,-1.010797661288851,-0.59962010612489869
2011-12-16,0.78778529271576125,0.43302960160212206
2011-12-17,nan,nan
2011-12-18,0.35873563098022376,0.07090455028475981
2011-12-19,0.51815483787687189,0.2662338047972761
2011-12-20,1.1825844422353646,0.55514643419620902
2011-12-21,-0.85767404762307586,-0.35820501281996914
2011-12-22,-0.017255577677384316,-0.013366038399292809
2011-12-23,0.84556261722987214,0.43214943570769526
2011-12-24,0.04587378679172284,0.022436057587375449
2011-12-25,1.10601898675513,0.50166643947537315
2011-12-26,0.12355732621885947,0.07982576200454515
2011-12-27,0.89064369668111631,0.49548015084055508
2011-12-28,0.15101427978863505,0.19999975554204483
2011-12-29,nan,nan
2011-12-30,0.5850492569781599,0.22875221202171817
2011-12-31,0.45482460330302954,0.092431920532139666
2012-01-01,0.026681286994027522,0.023372583029866049
2012-01-02,-0.72078117124994701,-0.44904538574126318
2012-01-03,-0.19674379116125976,-0.22529570516626776
2012-01-04,-0.32541450782717823,-0.2129076901930094
2012-01-05,-0.10404400780330057,-0.13118835372564089
2012-01-06,-0.17986118762413159,-0.11594478106441103
2012-01-07,0.25022429178658195,0.12369633372964442
2012-01-08,0.020367353787547383,0.017304815205350252
2012-01-09,-0.0012842795308632264,-0.00094204387838129288
2012-01-10,-0.42466393036998251,-0.20965064197185881
2012-01-11,-0.56833281668908808,-0.19503033327060648
2012-01-12,-0.58562973311442723,-0.23498639630628598
2012-01-13,-0.028138561193646189,-0.015525795444730503
2012-01-14,-0.1679806276967297,-0.13997666129615668
2012-01-15,nan,nan
2012-01-16,-0.043236157930574115,-0.013650440706512878
2012-01-17,nan,nan
2012-01-18,nan,nan
2012-01-19,0.18252815948311463,0.18414484148178667
2012-01-20,-0.49210523259025202,-0.2487162831943707
2012-01-21,nan,nan
2012-01-22,nan,nan
2012-01-23,-0.74293792319660512,-0.24231566591172743
2012-01-24,-0.16902923702367834,-0.1176828703479386
2012-01-25,nan,nan
2012-01-26,-0.23892281250873257,-0.069545084325699891
2012-01-27,0.145610931378821,0.036114103067944318
2012-01-28,nan,nan
2012-01-29,nan,nan
2012-01-30,nan,nan
2012-01-31,nan,nan
2012-02-01,0.24522830285224501,0.15038820776288894
2012-02-02,nan,nan
2012-02-03,nan,nan
2012-02-04,-3.8384401676511923,-0.59150271802248333
2012-02-05,nan,nan
2012-02-06,-0.52557130981117717,-0.32536825607431236
2012-02-07,-0.47943983466986045,-0.30877770028367674
2012-02-08,nan,nan
2012-02-09,nan,nan
2012-02-10,-0.3079398270285818,-0.25090213655801902
2012-02-11,0.088936819459079761,0.067117687293262757
2012-02-12,nan,nan
2012-02-13,nan,nan
2012-02-14,-0.9959009822397803,-0.66909187130625325
2012-02-15,nan,nan
2012-02-16,0.052689445189552042,0.017523628989808269
2012-02-17,nan,nan
2012-02-18,-1.3877180674326239,-0.40559739414659729
2012-02-19,-0.29324644864127697,-0.14083244042802304
2012-02-20,nan,nan
2012-02-21,nan,nan
2012-02-22,0.33509918893595014,0.13573542978240377
2012-02-23,1.1684398230703317,0.45317017028551115
2012-02-24,-0.36392747058602409,-0.25461288154180139
2012-02-25,nan,nan
2012-02-26,0.51334364610208039,0.27103688575065088
2012-02-27,nan,nan
2012-02-28,0.098786220902699812,0.079736478499789265
2012-02-29,-0.036756258970067519,-0.026668358712563425
2012-03-01,-0.61527771973084799,-0.41485966022682919
2012-03-02,0.056082340886567009,0.024956616100018168
2012-03-03,0.70999630734781027,0.12795370775062806
2012-03-04,-0.54086515596707874,-0.27800113598534038
2012-03-05,0.29642185772671703,0.17180071970922778
2012-03-06,-0.0098657732497866493,-0.0042945379283957025
2012-03-07,-0.21397876418854728,-0.11725254120073493
2012-03-08,0.57862812981635914,0.43266675410114008
2012-03-09,-0.54671946851398345,-0.45531533549620201
2012-03-10,0.086162677480487601,0.0891114688209515
2012-03-11,nan,nan
2012-03-12,-1.1967366986852934,-0.25766010851508159
2012-03-13,-0.79097286229399977,-0.39637160950058481
2012-03-14,nan,nan
2012-03-15,-0.073593321526305128,-0.05403099613188643
2012-03-16,-2.4213726236542343,-0.402363524192348
2012-03-17,2.7627520600029856,0.39722112246367391
2012-03-18,0.20186643162998333,0.080116178612355468
2012-03-19,0.41276860036071128,0.258438973180178
2012-03-20,1.7282845603019592,0.29590344223610932
2012-03-21,-0.30187390455680646,-0.13796163178245266
2012-03-22,0.38202984210107382,0.14664535830345143
2012-03-23,1.822531592470243,0.64214197693667541
2012-03-24,nan,nan
2012-03-25,-0.22972887628748986,-0.047816574788472392
2012-03-26,nan,nan
2012-03-27,0.30426376406665367,0.35712125644116183
2012-03-28,-0.25033742672049469,-0.16407868683581972
2012-03-29,-0.1699205056208318,-0.13585475264556809
2012-03-30,-0.54003314302702687,-0.29808821076402198
2012-03-31,0.044375285515464831,0.025271648067187902
2012-04-01,-0.60989768843322045,-0.17521360665365546
2012-04-02,0.28868938443221664,0.22640709603955525
2012-04-03,0.38621203219290851,0.34647045047955843
2012-04-04,-0.11279049351535742,-0.08459979489955273
2012-04-05,0.47998762628570618,0.4437108259072533
2012-04-06,0.25245298542511369,0.17602824442960807
2012-04-07,-0.49464442041041634,-0.32062358260714757
2012-04-08,0.58705659767448493,0.23296921417136204
2012-04-09,-0.4111607951649679,-0.37124836681891166
2012-04-10,-0.14176831316036237,-0.11480247812797643
2012-04-11,0.44405111395703456,0.4243136311310306
2012-04-12,0.13691149776930414,0.073731794752249447
2012-04-13,0.0018112936056266316,0.00064321248739419423
2012-04-14,-0.81105321091622473,-0.25592505810131461
2012-04-15,-0.78813210466344841,-0.18610255338506945
2012-04-16,-0.99879814847804649,-0.37748694585240178
2012-04-17,nan,nan
2012-04-18,nan,nan
2012-04-19,-0.085942921535558534,-0.18634461150819764
2012-04-20,nan,nan
2012-04-21,nan,nan
2012-04-22,nan,nan
2012-04-23,nan,nan
2012-04-24,-0.47281435866027155,-0.22787040517568055
2012-04-25,-0.47453253628852837,-0.18869485026871644
2012-04-26,nan,nan
2012-04-27,2.053846744341616,0.77035284094494294
2012-04-28,-0.091452396814900014,-0.06330486616474261
2012-04-29,-0.23892402439961402,-0.16354330130191
2012-04-30,0.27881934805813746,0.26890282148781935
2012-05-01,-1.9508746400904682,-0.64597511332770197
2012-05-02,-0.41092418184082757,-0.30363133623667654
2012-05-03,nan,nan
2012-05-04,-1.4352363899686926,-0.5086761407247341
2012-05-05,-0.92458587182031171,-0.54342071248889212
2012-05-06,0.15043842343214564,0.12194722753325619
2012-05-07,-0.21782048579826305,-0.2157948649780467
2012-05-08,-0.70456260889281364,-0.50989241016656117
2012-05-09,-1.3876383274927129,-0.41306632317172282
2012-05-10,0.39209361697689421,0.30844509732007036
2012-05-11,-0.11475226859808368,-0.095844579410919659
2012-05-12,-0.81751783329070427,-0.22172000236068157
2012-05-13,-0.49196181428315178,-0.2226330123901468
2012-05-14,0.090870922662794021,0.059962922659403936
2012-05-15,-0.035079304358061329,-0.013957399115704159
2012-05-16,-1.2421745244369642,-0.3335926544933932
2012-05-17,nan,nan
2012-05-18,nan,nan
2012-05-19,-0.22574200586506435,-0.12259912648196288
2012-05-20,1.4265317427169042,0.32835358978543
2012-05-21,0.48668703258701779,0.42272941872555708
2012-05-22,nan,nan
2012-05-23,-0.43986730356027431,-0.15523293324468462
2012-05-24,0.3630109373826268,0.23026053258653806
2012-05-25,nan,nan
2012-05-26,-2.5840155872127917,-0.62567936610464359
2012-05-27,-0.057456156356949381,-0.020061481019967044
2012-05-28,0.6397413266531079,0.24823818269409356
2012-05-29,nan,nan
2012-05-30,-0.37833476246508096,-0.25918435744001456
2012-05-31,nan,nan
2012-06-01,nan,nan
2012-06-02,nan,nan
2012-06-03,nan,nan
2012-06-04,nan,nan
2012-06-05,nan,nan
2012-06-06,nan,nan
2012-06-07,nan,nan
2012-06-08,nan,nan
2012-06-09,-0.88577476789981791,-0.55562594906997131
2012-06-10,-0.62596284142771275,-0.38037927001646876
2012-06-11,0.72966029698016166,0.31087000403995263
2012-06-12,nan,nan
2012-06-13,nan,nan
2012-06-14,-0.064763277827530538,-0.099656958271551563
2012-06-15,-0.049138097698562561,-0.052620107269789648
2012-06-16,0.26927028634693484,0.1596668633322392
2012-06-17,0.012976689152624014,0.011289710183017722
2012-06-18,-0.26066128682036782,-0.16590068304570293
2012-06-19,-0.85717482399238087,-0.49928785889509242
2012-06-20,nan,nan
2012-06-21,-0.078447890053503014,-0.077245270749333322
2012-06-22,0.97171142059274995,0.19702822860625518
2012-06-23,nan,nan
2012-06-24,nan,nan
2012-06-25,nan,nan
2012-06-26,nan,nan
2012-06-27,nan,nan
2012-06-28,nan,nan
2012-06-29,0.082657652709870161,0.044537010353294063
2012-06-30,0.9329284913832272,0.310683368271852
2012-07-01,0.45709953293566591,0.17892749674355915
2012-07-02,nan,nan
2012-07-03,-0.70810123120373314,-0.24783991899391261
2012-07-04,-1.7950243658293674,-0.45729887392471097
2012-07-05,2.6081209877409677,0.58918594602978636
2012-07-06,-0.52451792065721159,-0.28488596416350498
2012-07-07,0.83278977837975809,0.35335541012918553
2012-07-08,nan,nan
2012-07-09,nan,nan
2012-07-10,nan,nan
2012-07-11,0.61707927755807035,0.42546967845927819
2012-07-12,-0.18003779064376285,-0.14840058967389846
2012-07-13,-0.82087465125528736,-0.46112947796575071
2012-07-14,-0.045563519137713684,-0.030441453265911845
2012-07-15,nan,nan
2012-07-16,nan,nan
2012-07-17,-1.0832235140537314,-0.44474556538892046
2012-07-18,0.24782297082550339,0.096015826830186307
2012-07-19,nan,nan
2012-07-20,0.097762352086163101,0.10937167737893684
2012-07-21,nan,nan
2012-07-22,nan,nan
2012-07-23,-0.93398351359688414,-0.24438769838317709
2012-07-24,0.73064532279951766,0.23148951646021559
2012-07-25,nan,nan
2012-07-26,nan,nan
2012-07-27,-0.13279630232268758,-0.2167566530578067
2012-07-28,nan,nan
2012-07-29,nan,nan
2012-07-30,-0.07186708711096218,-0.055819686340736065
2012-07-31,nan,nan
2012-08-01,-0.23769025287436291,-0.12600498703051888
2012-08-02,-0.84224430082899848,-0.52053491701413956
2012-08-03,-0.025680683837062276,-0.013964402111337823
2012-08-04,0.52006902854901216,0.29762401796929377
2012-08-05,nan,nan
2012-08-06,nan,nan
2012-08-07,nan,nan
2012-08-08,-0.22420370864297026,-0.096600930018504963
2012-08-09,nan,nan
2012-08-10,nan,nan
2012-08-11,0.49033222766121926,0.416345058689156
2012-08-12,nan,nan
2012-08-13,nan,nan
2012-08-14,-0.34524476125465614,-0.28333470845553044
2012-08-15,0.90864354210279763,0.6937444179160126
2012-08-16,0.24874508964815417,0.25134060027600341
2012-08-17,-0.21967063266439382,-0.12639291107954695
2012-08-18,0.17256714353191421,0.31795182010556322
2012-08-19,0.057821815782347803,0.097693176870284254
2012-08-20,-0.10184495630687791,-0.082152949328934258
2012-08-21,0.12438695028218004,0.078769274647948861
2012-08-22,0.067811090089645129,0.058935590602414253
2012-08-23,-0.63449205258804631,-0.49896183636455704
2012-08-24,0.4773325707379189,0.27009319830320061
2012-08-25,2.9463493483526677,0.57200380708806597
2012-08-26,0.058121896459124286,0.11755574711396789
2012-08-27,nan,nan
2012-08-28,nan,nan
2012-08-29,nan,nan
2012-08-30,-0.31326315623111478,-0.26320188018726171
2012-08-31,-0.0060897710023478753,-0.0051311222325203347
2012-09-01,nan,nan
2012-09-02,nan,nan
2012-09-03,nan,nan
2012-09-04,nan,nan
2012-09-05,nan,nan
2012-09-06,nan,nan
2012-09-07,nan,nan
2012-09-08,nan,nan
2012-09-09,nan,nan
2012-09-10,nan,nan
2012-09-11,nan,nan
2012-09-12,nan,nan
2012-09-13,nan,nan
2012-09-14,-0.11258373796873752,-0.069149367241851015
2012-09-15,nan,nan
2012-09-16,nan,nan
2012-09-17,0.040062874055236689,0.028637780780246178
2012-09-18,nan,nan
2012-09-19,nan,nan
2012-09-20,nan,nan
2012-09-21,nan,nan
2012-09-22,-0.5504695731832624,-0.44308557774163365
2012-09-23,nan,nan
2012-09-24,nan,nan
2012-09-25,nan,nan
2012-09-26,-0.46905191858180562,-0.40578469401203093
2012-09-27,nan,nan
2012-09-28,0.4778912355371161,0.33730108520936442
2012-09-29,nan,nan
2012-09-30,nan,nan
2012-10-01,nan,nan
2012-10-02,nan,nan
2012-10-03,-1.3514572188641287,-0.45709078809222664
2012-10-04,0.22439109265266563,0.08269280005262028
2012-10-05,-0.26672292455301766,-0.066478247296284418
2012-10-06,nan,nan
2012-10-07,-0.19944164437378664,-0.15290792888555579
2012-10-08,0.11935936012456999,0.12188501762425238
2012-10-09,-0.064488257096320653,-0.13289627468553897
2012-10-10,nan,nan
2012-10-11,-0.099461556235514961,-0.13175822265494735
2012-10-12,nan,nan
2012-10-13,nan,nan
2012-10-14,-0.22842980144163755,-0.15950911419423996
2012-10-15,-0.56653094318645036,-0.46329056367061666
2012-10-16,-0.098030352249336913,-0.13644362396524654
2012-10-17,0.13287876467677034,0.15216143125373693
2012-10-18,2.1934281279598733,0.35354163839314312
2012-10-19,-0.036769228116360395,-0.025430202926332936
2012-10-20,nan,nan
2012-10-21,0.37080840992266434,0.38953623429614848
2012-10-22,0.12875196851471613,0.15023557111075472
2012-10-23,nan,nan
2012-10-24,-0.14994702111644023,-0.11699250933051376
2012-10-25,0.12231980883169027,0.1876667879727873
2012-10-26,nan,nan
2012-10-27,-0.20006617133474106,-0.12233562356700477
2012-10-28,nan,nan
2012-10-29,nan,nan
2012-10-30,nan,nan
2012-10-31,-0.4561841824694724,-0.58951423520682611
2012-11-01,0.12429911259411837,0.14001261667566117
2012-11-02,-0.12896630923819399,-0.064956031996590918
2012-11-03,0.3070943743161641,0.16731922712711653
2012-11-04,0.41118618464772205,0.19351212185350891
2012-11-05,0.12669846931989237,0.15364998855173831
2012-11-06,0.14269627758786643,0.14175384995136309
2012-11-07,0.15267599701005194,0.20716849333656587
2012-11-08,-0.22490393252059374,-0.2263252434408628
2012-11-09,-0.12455026961747367,-0.080920448264890574
2012-11-10,-0.076309501620492479,-0.032828256310887927
2012-11-11,0.18571406438994445,0.14152863581837141
2012-11-12,nan,nan
2012-11-13,nan,nan
2012-11-14,0.17784869651594087,0.27756959368798007
2012-11-15,0.21708565491557272,0.21621253752066039
2012-11-16,-0.0055740963766838531,-0.0089318418084340032
2012-11-17,-0.37331792203355707,-0.26039223297326819
2012-11-18,0.96508741451991309,0.35199780942252884
2012-11-19,0.40307163848435068,0.30222078760396109
2012-11-20,0.36488357111573705,0.24334133651008802
2012-11-21,0.81951701269538246,0.50167280331518993
2012-11-22,1.2609918307344812,0.51538614566715335
2012-11-23,0.24653409172558399,0.1818942444527589
2012-11-24,0.20908992813959107,0.15441638235827851
2012-11-25,-0.17918753614971006,-0.10432316939946805
2012-11-26,nan,nan
2012-11-27,-0.3211128905703875,-0.39314613609524174
2012-11-28,0.16893253601659394,0.14912357567262455
2012-11-29,-0.31623805095857405,-0.21240592490501256
2012-11-30,-0.11677853580139579,-0.076340370245267117
2012-12-01,-0.14732143818811211,-0.089885844062472978
2012-12-02,0.90004773164510909,0.2651763258778061
2012-12-03,0.70125818820342145,0.24483625188531455
2012-12-04,nan,nan
2012-12-05,nan,nan
2012-12-06,nan,nan
2012-12-07,nan,nan
2012-12-08,nan,nan
2012-12-09,-0.21620952822370035,-0.038119667079158509
2012-12-10,-1.1338445653634199,-0.34728133560592339
2012-12-11,nan,nan
2012-12-12,-0.20655406716747776,-0.25262926038573408
2012-12-13,0.18560700160948942,0.11745079553202399
2012-12-14,-0.035539929836929683,-0.019011894064260699
2012-12-15,0.23867905039736445,0.086405137037119245
2012-12-16,1.1158330277646671,0.62087029971409469
2012-12-17,-0.85157885935209454,-0.34736017279504988
2012-12-18,-1.0474367928028943,-0.42540321990309737
2012-12-19,nan,nan
2012-12-20,0.42755673284085616,0.39332211691010016
2012-12-21,nan,nan
2012-12-22,-0.27932986803979787,-0.44228975595778469
2012-12-23,0.17094599408549893,0.13696843620573457
2012-12-24,-0.15624822893327941,-0.13198102880871454
2012-12-25,0.13112278155479717,0.082916299748598335
2012-12-26,nan,nan
2012-12-27,-0.085951355013868094,-0.058829995396882724
2012-12-28,-0.062342213648497256,-0.082803015614984016
2012-12-29,-0.62968796646100833,-0.61434770179166287
2012-12-30,-0.081098436745593874,-0.088052942487709965
2012-12-31,0.39457386121922428,0.25283534158982141
2013-01-01,0.023883724147927769,0.023164522249787826
2013-01-02,nan,nan
2013-01-03,nan,nan
2013-01-04,nan,nan
2013-01-05,-0.90041711142205172,-0.35080264620112239
2013-01-06,0.39330365426564767,0.24613681460493528
2013-01-07,0.93036820998906289,0.56133697971890151
2013-01-08,0.12040365771366743,0.070318425850614083
2013-01-09,0.46410780240498306,0.064096436748559707
2013-01-10,0.19390273653506099,0.1664001053223492
2013-01-11,-0.94932379040131865,-0.39754064769498199
2013-01-12,-0.79270298513947368,-0.23594475111371574
2013-01-13,0.42769297026796754,0.10349067560137003
2013-01-14,0.40609175349338372,0.13327813951245751
2013-01-15,nan,nan
2013-01-16,-0.84789852167124058,-0.49739273019681995
2013-01-17,-0.93032238489599428,-0.67021942264849144
2013-01-18,0.60058199661691647,0.45569546188158661
2013-01-19,0.134891796809363,0.12232633863951725
2013-01-20,0.32322232586070537,0.27912079707511189
2013-01-21,0.0078760468960593927,0.0061849325316752123
2013-01-22,-0.0030757548717377245,-0.0034358533055527337
2013-01-23,-0.20411723169610582,-0.21786971151623188
2013-01-24,0.4080301546424121,0.32119055767517546
2013-01-25,-0.35329862801135015,-0.29021673517494972
2013-01-26,0.54359847541179762,0.31319796182616166
2013-01-27,0.29356384147681536,0.15935264253820297
2013-01-28,-1.3392958589690405,-0.58704132846894985
2013-01-29,0.030010335907252935,0.013094163997638002
2013-01-30,0.66624053526275107,0.15070054860069559
2013-01-31,-0.66210441572288226,-0.37294930054840147
2013-02-01,-0.50288260055752532,-0.36337813915696049
2013-02-02,-0.32303091542225976,-0.22888721407276233
2013-02-03,0.64291540276428527,0.24960677795001449
2013-02-04,0.33216336490238657,0.16168477546804053
2013-02-05,-0.096666852686509402,-0.050107766036597813
2013-02-06,0.62663715545732335,0.23158886066611789
2013-02-07,-0.35424072269869172,-0.30377107716407542
2013-02-08,0.36185464633720804,0.47528499264345703
2013-02-09,0.11515905478130219,0.10334430552082499
2013-02-10,-0.46238361170709608,-0.14505339904174955
2013-02-11,-1.876934925386214,-0.58223163399494526
2013-02-12,-0.13451808896605696,-0.13521572310740732
2013-02-13,-0.099910854833768645,-0.05269560237274664
2013-02-14,0.09543748998302086,0.057238029900885765
2013-02-15,0.4056567019015726,0.22182102043375471
2013-02-16,-0.38011449933342928,-0.31820199426738427
2013-02-17,-0.16686958372460028,-0.28829607882157832
2013-02-18,0.19797683319270146,0.17192515667099936
2013-02-19,0.24402587417851224,0.14746497448886078
2013-02-20,-0.064822526351537096,-0.07073535425446846
2013-02-21,nan,nan
2013-02-22,nan,nan
2013-02-23,-0.37775643883535104,-0.23922045738483688
2013-02-24,-0.50970475133507209,-0.18209759298586342
2013-02-25,0.095198491270504421,0.046641964680085184
2013-02-26,nan,nan
2013-02-27,-0.59892180043454601,-0.15644188775349693
2013-02-28,0.36524943245073593,0.21892953834309706
2013-03-01,-0.046485428653831394,-0.056787717540115759
2013-03-02,-0.21129663681227095,-0.29052363292749894
2013-03-03,-0.17313457789323214,-0.12935532585213774
2013-03-04,-0.15190291744361104,-0.20404662838234147
2013-03-05,0.36771020404094207,0.46240006267492922
2013-03-06,-0.19915986411986991,-0.29162656101443218
2013-03-07,0.16251323495358261,0.29985529169234104
2013-03-08,0.13045511544870736,0.12735127119791947
2013-03-09,0.39813071083132018,0.17865439264802635
2013-03-10,nan,nan
2013-03-11,-0.27950978176874525,-0.17053624057004754
2013-03-12,-0.27359224382675285,-0.25995987773064783
2013-03-13,-0.094599481522328346,-0.11228649824414409
2013-03-14,0.085908481675826501,0.13761475120172614
2013-03-15,-0.56869587054777748,-0.45685542776963267
2013-03-16,-0.4369687966939329,-0.27042345033645837
2013-03-17,-0.121755675043239,-0.087845227069719464
2013-03-18,0.4175850500400955,0.44914142093613901
2013-03-19,nan,nan
2013-03-20,nan,nan
2013-03-21,0.037897606969721859,0.064579027517059351
2013-03-22,1.1438958753388697,0.76321972222432199
2013-03-23,-0.31682506878133465,-0.31294612616844519
2013-03-24,-0.10848867678605367,-0.073452812017228294
2013-03-25,-0.66239742362469323,-0.44580637940474588
2013-03-26,0.27078951621376851,0.37550444197433541
2013-03-27,0.23969463193390841,0.38057484916692291
2013-03-28,0.25281813611410381,0.30959581328540992
2013-03-29,-0.49176641940163196,-0.31297654485004422
2013-03-30,-0.033373264474237142,-0.01152591487131205
2013-03-31,1.5694822888283377,0.5824192749279139
2013-04-01,-0.059079612010506204,-0.028017444713672703
2013-04-02,0.30866454370038726,0.35476304262936764
2013-04-03,0.15048941399680921,0.19662941503830147
2013-04-04,nan,nan
2013-04-05,-0.54456345911671944,-0.43932848116102635
2013-04-06,0.08125108895672592,0.035999645312939185
2013-04-07,-0.57511209618279413,-0.31573733930279252
2013-04-08,0.040856987601930843,0.025442543375997183
2013-04-09,1.3114021119655286,0.57313543047130222
2013-04-10,nan,nan
2013-04-11,nan,nan
2013-04-12,nan,nan
2013-04-13,nan,nan
2013-04-14,nan,nan
2013-04-15,0.03279031336321335,0.051657564128316402
2013-04-16,-0.069288312084227255,-0.05144757651920491
2013-04-17,0.44325480557423425,0.22423528999564948
2013-04-18,0.30807867053365651,0.24521480131817627
2013-04-19,nan,nan
2013-04-20,nan,nan
2013-04-21,-0.41913259790258706,-0.27901295726990799
2013-04-22,0.14337638387002091,0.24010973067407582
2013-04-23,-0.13647624531772506,-0.17005124959964296
2013-04-24,nan,nan
2013-04-25,nan,nan
2013-04-26,0.48187095889485809,0.50242714700184232
2013-04-27,0.18573212313307411,0.15261624176415359
2013-04-28,0.91358313191525919,0.41548521773059288
2013-04-29,0.00079135079667722334,0.0015860871696248948
2013-04-30,0.28136360781796232,0.2696059184487884
2013-05-01,0.81447945239100594,0.58965227985332458
2013-05-02,0.64888259047725627,0.4462772434434209
2013-05-03,-0.12327627715714788,-0.164015826755947
2013-05-04,-0.47048922955801797,-0.29629179506263587
2013-05-05,0.087679173878074931,0.15788223678638091
2013-05-06,-0.060148763320999735,-0.071356092644406718
2013-05-07,0.1547434301524295,0.2039678370540379
2013-05-08,-0.68474189688286813,-0.48837559936842029
2013-05-09,0.063332723287381931,0.031245484958895797
2013-05-10,0.74429356740028552,0.52709624620904649
2013-05-11,nan,nan
2013-05-12,0.48343577442393576,0.48617315182059218
2013-05-13,-0.13488943012513319,-0.26924457772926003
2013-05-14,-0.16073765548768981,-0.20712403393027756
2013-05-15,-0.50374699980629634,-0.29324561150778561
2013-05-16,0.2885261664744212,0.1839860945042894
2013-05-17,nan,nan
2013-05-18,0.49168421845621679,0.46154882782701845
2013-05-19,nan,nan
2013-05-20,-0.22270465010985174,-0.059193588060933701
2013-05-21,0.1158801262506006,0.11382904249248138
2013-05-22,-1.3532316127957771,-0.45873216195347727
2013-05-23,nan,nan
2013-05-24,nan,nan
2013-05-25,nan,nan
2013-05-26,nan,nan
2013-05-27,0.0013599753857920867,0.0013447257862841829
2013-05-28,0.13168531366109068,0.079632982456468132
2013-05-29,-1.3793179506762447,-0.61186949115218703
2013-05-30,nan,nan
2013-05-31,nan,nan
2013-06-01,nan,nan
2013-06-02,-0.61332802255040142,-0.3671828662742917
2013-06-03,nan,nan
2013-06-04,nan,nan
2013-06-05,nan,nan
2013-06-06,nan,nan
2013-06-07,nan,nan
2013-06-08,nan,nan
2013-06-09,-1.1954750382974408,-0.30893878561104815
2013-06-10,nan,nan
2013-06-11,nan,nan
2013-06-12,nan,nan
2013-06-13,nan,nan
2013-06-14,nan,nan
2013-06-15,-0.64554570912292608,-0.28706348462738079
2013-06-16,-0.083635607911809157,-0.045765067462809367
2013-06-17,-0.15521276593242098,-0.11253620474579579
2013-06-18,nan,nan
2013-06-19,nan,nan
2013-06-20,nan,nan
2013-06-21,-0.025444980360859289,-0.01734985555030339
2013-06-22,-0.35820996457778292,-0.18248085441379136
2013-06-23,0.048075618190910968,0.029605614912928999
2013-06-24,-2.0275434333042988,-0.81747724967564739
2013-06-25,-0.72955025077488167,-0.47334306248806335
2013-06-26,0.19728749664236819,0.15701664644551275
2013-06-27,nan,nan
2013-06-28,nan,nan
2013-06-29,-0.41824300418225463,-0.24948556332423033
2013-06-30,0.29407565772332789,0.1512854331550364
2013-07-01,nan,nan
2013-07-02,nan,nan
2013-07-03,-0.2552573912256339,-0.33119679348281189
2013-07-04,nan,nan
2013-07-05,-0.67740630139251878,-0.31613589169494449
2013-07-06,-0.33400866151561059,-0.27409584913681162
2013-07-07,nan,nan
2013-07-08,nan,nan
2013-07-09,nan,nan
2013-07-10,nan,nan
2013-07-11,nan,nan
2013-07-12,nan,nan
2013-07-13,-0.043430505533385934,-0.027924936722934283
2013-07-14,-0.64616985041501707,-0.22649794752819932
2013-07-15,0.067458260993924032,0.043151966190991223
2013-07-16,-0.12586586846220515,-0.09255378636696103
2013-07-17,0.49801937813899894,0.21431106056076071
2013-07-18,2.5848551480964463,0.67224581305269471
2013-07-19,-0.75753256239034938,-0.32210044526546999
2013-07-20,1.2219708672389666,0.22283993964759877
2013-07-21,nan,nan
2013-07-22,0.03527927971231113,0.019000853342327227
2013-07-23,nan,nan
2013-07-24,-0.75765056135715558,-0.57902488018740494
2013-07-25,-0.51312198059894665,-0.57013351960783343
2013-07-26,-0.33209652790391436,-0.25802040240244128
2013-07-27,0.74484289402134252,0.56096179682956404
2013-07-28,-0.6240921351817561,-0.43296504312143119
2013-07-29,0.080830845898259396,0.052891609527248362
2013-07-30,0.26380608106813114,0.30282950773146228
2013-07-31,-0.4808355649581465,-0.25770648635405413
2013-08-01,0.72459263585224243,0.26804927020626468
2013-08-02,-0.36493750525912588,-0.17677370460683328
2013-08-03,0.13740519822487399,0.13209138338162246
2013-08-04,nan,nan
2013-08-05,nan,nan
2013-08-06,0.16739519659028443,0.11405058543391236
2013-08-07,-0.26398853430331326,-0.41292839062737235
2013-08-08,-1.1639888848784419,-0.57996702734959704
2013-08-09,-1.9901516987168117,-0.60688165977147424
2013-08-10,nan,nan
2013-08-11,nan,nan
2013-08-12,0.35781171958519076,0.12866475952011147
2013-08-13,1.5999227646261986,0.57902789660629939
2013-08-14,nan,nan
2013-08-15,nan,nan
2013-08-16,0.27939050172102564,0.29398505343536901
2013-08-17,0.025020348980423195,0.032161983247530335
2013-08-18,0.83154536288476644,0.366596904010903
2013-08-19,0.18730182264247863,0.12796060839291171
2013-08-20,0.42085594923844161,0.18008953566244895
2013-08-21,-0.042803234620975593,-0.014350011341365551
2013-08-22,nan,nan
2013-08-23,1.8123337537533193,0.6705438824682024
2013-08-24,nan,nan
2013-08-25,nan,nan
2013-08-26,nan,nan
2013-08-27,0.49365554782936955,0.40886176647701739
2013-08-28,-0.38856350442836729,-0.17669256817727511
2013-08-29,-1.3294489197741908,-0.24066905875470218
2013-08-30,-0.6684738251996093,-0.30173157358620195
2013-08-31,-0.67681892358102935,-0.38245535689859356
2013-09-01,-0.19739782445274001,-0.087168995117220191
2013-09-02,-0.15745390159217482,-0.034641888722712441
2013-09-03,nan,nan
2013-09-04,nan,nan
2013-09-05,nan,nan
2013-09-06,nan,nan
2013-09-07,nan,nan
2013-09-08,nan,nan
2013-09-09,nan,nan
2013-09-10,-3.9873067573107326,-0.5472229591152693
2013-09-11,-1.1388247135634044,-0.40197477482129718
2013-09-12,nan,nan
2013-09-13,nan,nan
2013-09-14,nan,nan
2013-09-15,nan,nan
2013-09-16,0.047823936496216961,0.062774385104353486
2013-09-17,nan,nan
2013-09-18,-0.14535987208263554,-0.1338756800562752
2013-09-19,-0.80780571653437161,-0.34426554706986079
2013-09-20,-0.23997167971911113,-0.15240067578482533
2013-09-21,nan,nan
2013-09-22,nan,nan
2013-09-23,nan,nan
2013-09-24,nan,nan
2013-09-25,nan,nan
2013-09-26,0.19320118254311783,0.18130235275549322
2013-09-27,0.17437703443827282,0.17693671618674706
2013-09-28,nan,nan
2013-09-29,nan,nan
2013-09-30,0.29592604713462178,0.164306660955508
2013-10-01,nan,nan
2013-10-02,0.029795165487878673,0.015683282181825131
2013-10-03,-0.29463125514572935,-0.17222347636039481
2013-10-04,-1.4200063417514539,-0.34706336558450102
2013-10-05,-0.39049682566023036,-0.16497924266999267
2013-10-06,-0.21623494348895031,-0.071312965557011151
2013-10-07,nan,nan
2013-10-08,nan,nan
2013-10-09,-0.067263479104920865,-0.062936982799432065
2013-10-10,-0.31141585089454166,-0.54022443169976764
2013-10-11,nan,nan
2013-10-12,-0.9375046479664344,-0.37766277685536942
2013-10-13,0.13054841035974732,0.19571217772226251
2013-10-14,-0.1695968887482944,-0.13460025595198194
2013-10-15,0.4838136060580403,0.29896258163937989
2013-10-16,-0.11091421921648796,-0.19488647941284948
2013-10-17,nan,nan
2013-10-18,nan,nan
2013-10-19,0.65454685396585255,0.2677892458887296
2013-10-20,-0.22564825293199595,-0.11468842831998705
2013-10-21,nan,nan
2013-10-22,-0.37694523405837732,-0.45243381431118107
2013-10-23,-0.12568497517425209,-0.13825858537853475
2013-10-24,0.14572848263498292,0.22278101502546799
2013-10-25,0.026698309107089851,0.041362979624606985
2013-10-26,0.05964008965915403,0.053045505866957658
2013-10-27,0.92364229490607086,0.40061875899334359
2013-10-28,-0.66353343762484363,-0.48555387541238842
2013-10-29,1.1258854355271439,0.41065837772558628
2013-10-30,-0.62868500354413237,-0.20266425811183519
2013-10-31,0.6047283327949966,0.25331924174533199
2013-11-01,0.11085240028421121,0.073177204392142342
2013-11-02,-0.34056985550446001,-0.18439657474927892
2013-11-03,0.063080729516603776,0.05580320876124472
2013-11-04,-0.13396188376460755,-0.13671656155380263
2013-11-05,0.76720578454791966,0.28447385346017062
2013-11-06,0.272285926971988,0.42905141042977074
2013-11-07,nan,nan
2013-11-08,-0.053043547680767661,-0.1050918516486011
2013-11-09,nan,nan
2013-11-10,0.24138577566155486,0.091991493310770861
2013-11-11,0.58026249799633112,0.47776544423714534
2013-11-12,0.61038749256132585,0.54181517205839302
2013-11-13,0.093049182546223921,0.12811952133602866
2013-11-14,nan,nan
2013-11-15,-0.93456381961407309,-0.57500972551468854
2013-11-16,2.1340604602181141,0.67056807491579129
2013-11-17,1.9726586584069032,0.46233084672113101
2013-11-18,nan,nan
2013-11-19,0.43136126755332976,0.53243075186285338
2013-11-20,0.11913074222293486,0.089336887799156106
2013-11-21,0.23164588747064518,0.11648026258517179
2013-11-22,-1.1435220748792139,-0.61611606787510065
2013-11-23,-0.1993846256087991,-0.12937819695447716
2013-11-24,5.4811768681476227,0.5966516740772938
2013-11-25,-0.30584237320858687,-0.19416694805397558
2013-11-26,-0.60036709213132189,-0.40316870451668985
2013-11-27,nan,nan
2013-11-28,0.052519404840146763,0.052649472284036547
2013-11-29,0.3250580450269881,0.19639367599243684
2013-11-30,0.36961804346829369,0.19132853778784428
2013-12-01,0.2591163071047291,0.082210745506722138
2013-12-02,nan,nan
2013-12-03,0.21405777442069918,0.14265138748066708
2013-12-04,-0.50248393621683274,-0.28241626269330355
2013-12-05,-0.51902359233778128,-0.11876051660276542
2013-12-06,2.4067021167940457,0.78609478299067626
2013-12-07,0.13903086101130818,0.093596489258637339
2013-12-08,-0.094809367573115769,-0.05177833527745241
2013-12-09,-0.077865360054884189,-0.048472818018607908
2013-12-10,0.50279570297275922,0.34964451624742093
2013-12-11,-0.21835620238468303,-0.28150518723304757
2013-12-12,0.24874987006988006,0.3112527735492609
2013-12-13,0.050989595765215008,0.046376747919039743
2013-12-14,0.3670966015499425,0.28099819593145292
2013-12-15,nan,nan
2013-12-16,-0.1080032574942556,-0.13928970450652522
2013-12-17,-0.15523558606361079,-0.14027868389349454
2013-12-18,-0.23529573744540452,-0.22330317375509925
2013-12-19,-0.48017246073350273,-0.24166289763928289
2013-12-20,0.82824589958682848,0.28146054347691496
2013-12-21,-0.47059324486565757,-0.13202230854645672
2013-12-22,1.116147277012592,0.48331947061972069
2013-12-23,0.1473383938810845,0.061227494502827495
2013-12-24,-0.81359199726276388,-0.48557435886493966
2013-12-25,-0.17806674159405597,-0.14374993789646853
2013-12-26,-0.29956926932954309,-0.18805455415211167
2013-12-27,-0.075565073677458669,-0.060421537603009806
2013-12-28,0.63249732255616886,0.24691227237948263
2013-12-29,1.3142549545863995,0.41758925415350218
2013-12-30,0.099888712979841129,0.087455635584246169
2013-12-31,-0.49965878919765866,-0.39423518633132454
